num_clicks,previous_grade,homework_score,exam_grade
860,1.65,72.24,9.18
3772,5.83,0.74,9.12
3092,10.0,50.91,7.39
466,1.51,13.93,1.98
4426,8.17,86.62,8.43
3444,2.07,87.16,2.04
3171,7.82,41.83,7.43
2919,7.35,44.44,6.86
130,3.0,30.33,7.59
1685,3.26,71.66,5.33
769,7.93,35.87,6.39
2391,4.61,26.78,9.53
2433,7.31,43.22,1.01
1184,1.48,9.15,3.09
4555,8.53,74.66,6.11
3385,7.11,1.26,9.64
4117,9.07,64.45,0.96
4843,1.32,18.29,0.23
2904,5.93,23.24,0.56
474,5.99,63.56,0.52
1082,3.53,99.29,9.08
2558,4.58,77.77,7.21
2047,0.38,22.58,6.77
2747,7.46,17.6,5.23
975,5.49,86.62,7.82
1806,0.58,44.42,1.56
189,6.81,13.71,3.92
2734,4.67,86.22,4.9
3005,0.34,81.61,1.1
4658,9.7,98.39,4.2
1899,9.49,90.97,3.17
1267,5.13,85.18,0.36
1528,0.94,5.26,1.37
3202,7.55,10.44,7.64
3556,4.92,56.9,0.18
3890,3.02,53.15,9.34
646,4.91,45.8,0.86
2888,5.22,39.68,7.99
2435,5.63,43.12,8.99
600,4.41,56.93,9.41
2363,6.06,0.21,8.67
2061,9.19,26.07,2.88
241,3.62,51.83,3.33
2041,7.26,72.22,4.27
2824,8.94,17.42,1.39
2612,4.56,54.69,0.22
1363,4.43,71.45,8.69
1478,6.02,44.46,5.54
2556,5.91,2.71,6.09
775,8.07,44.93,9.27
4014,4.76,29.64,6.65
34,9.96,92.96,6.91
3152,0.59,12.46,7.87
1955,0.03,65.25,1.16
1585,6.4,5.27,3.6
3943,2.98,44.62,9.68
3073,2.4,55.4,9.23
1021,3.12,29.8,8.84
3461,2.56,45.51,4.52
2613,0.31,16.36,8.57
3843,9.72,30.41,0.48
1500,2.21,62.11,1.49
4798,7.34,30.18,4.14
161,7.63,89.97,4.83
4297,9.29,62.84,2.64
1981,0.31,43.86,3.56
995,8.72,3.88,1.63
4911,5.27,49.95,4.89
3342,6.33,76.48,7.94
4551,6.44,26.56,6.61
3798,8.2,80.68,1.08
1275,3.33,25.18,4.88
1016,7.33,82.37,6.98
337,5.29,8.53,5.3
878,7.93,86.62,3.92
1076,9.91,49.92,6.22
4887,2.01,29.65,9.69
3993,9.95,26.51,0.95
4859,0.9,43.2,3.9
379,0.02,99.9,4.07
492,0.44,22.03,5.77
2062,3.42,10.32,1.52
3884,6.33,58.5,1.77
64,0.69,48.85,2.85
2568,0.06,52.42,9.56
2027,9.37,66.69,7.34
2695,8.22,26.71,6.62
1495,8.09,91.07,8.17
391,8.84,43.57,1.28
4514,7.0,12.91,8.59
4474,1.04,74.23,5.95
3561,3.99,64.31,3.35
2278,7.23,31.57,8.16
3099,2.8,62.15,8.03
200,6.87,21.99,8.46
4875,0.24,44.48,1.16
3104,3.06,89.94,9.69
4598,5.49,13.35,9.6
2454,6.32,38.67,3.57
3645,5.77,82.11,0.66
804,6.98,96.95,1.67
2731,0.06,45.39,9.93
2773,1.01,50.7,5.63
1570,8.69,57.22,3.57
2690,6.82,93.23,2.88
3840,1.13,85.82,2.57
1028,8.42,17.06,6.64
502,2.42,43.68,4.19
4493,4.78,46.4,9.65
870,1.45,78.91,6.84
4488,7.1,60.29,7.92
206,6.67,65.42,2.93
1484,2.11,99.82,0.79
863,8.63,7.5,4.88
2790,4.01,22.3,3.15
563,2.93,40.79,2.02
4191,1.52,34.78,9.53
1757,2.66,2.16,4.44
1678,0.22,9.18,1.75
3242,5.83,68.1,1.99
4636,8.42,87.93,2.81
1059,5.49,51.42,9.99
1722,2.19,53.92,2.68
3314,0.34,25.51,3.29
3157,2.15,76.79,6.59
2625,4.16,75.18,2.94
2729,7.6,58.84,2.16
1597,1.88,21.27,1.59
3060,7.2,9.7,3.13
2693,8.67,6.42,1.06
4891,4.54,59.27,0.19
3627,8.21,82.5,8.05
1363,5.55,85.83,1.38
1981,6.37,46.36,7.76
1663,5.26,78.43,7.98
1529,4.63,94.69,5.38
2038,2.35,27.52,3.1
3302,3.03,39.8,1.45
2237,2.9,93.15,7.37
1306,5.63,33.82,6.01
4029,1.2,91.39,6.55
2675,9.17,98.1,0.09
1282,7.21,66.18,9.28
709,4.01,81.69,0.66
4744,1.59,74.95,3.67
4413,8.82,69.95,4.03
3748,8.24,30.69,0.01
4779,7.22,5.71,4.97
663,2.72,34.31,7.53
1998,4.02,66.69,8.23
3445,1.03,10.25,8.79
3743,1.89,1.19,4.88
1495,7.83,13.97,6.31
3304,7.15,71.57,0.8
3763,5.93,97.28,4.88
1853,8.96,98.31,1.55
4659,5.83,49.4,3.7
1291,4.67,86.94,3.29
3581,3.4,73.68,4.24
3457,9.4,50.1,5.72
1636,0.83,57.28,9.03
3696,9.31,13.72,3.94
2999,8.27,93.77,9.81
3152,1.3,35.19,7.59
698,5.65,44.61,5.11
2160,8.67,67.17,6.44
4097,5.72,33.39,1.02
4737,9.07,25.43,8.45
854,9.43,63.1,5.82
3474,4.22,2.5,9.86
1707,3.77,72.07,6.36
2777,9.36,51.4,8.34
1733,6.75,60.58,8.0
4931,1.16,63.19,3.45
3510,0.42,52.71,2.6
202,5.65,58.25,4.3
3255,9.3,68.38,4.67
4218,8.44,75.31,2.4
4496,6.76,72.75,8.95
766,1.39,86.96,5.43
4389,2.54,18.94,9.78
2327,8.76,40.11,8.1
2931,1.83,94.78,5.56
197,2.78,39.66,9.47
1930,1.3,12.49,5.05
3582,6.76,52.54,8.87
608,9.44,10.95,3.58
3272,2.69,20.29,3.79
1147,4.75,99.83,4.18
4282,6.34,54.14,5.47
3397,9.99,28.41,5.53
2511,1.05,99.48,4.96
1794,4.99,96.66,3.06
659,3.85,44.07,9.27
2811,8.66,26.04,5.89
1369,4.76,83.84,4.08
1986,1.11,71.56,6.51
146,6.34,68.69,7.68
3219,7.71,89.31,9.61
2911,0.03,68.94,5.0
1734,8.59,28.38,1.12
1843,1.86,69.39,4.41
488,5.52,30.58,4.79
2976,4.16,75.92,8.97
1959,7.2,61.97,3.95
2385,3.71,7.74,9.53
2919,8.7,51.28,4.85
4736,7.3,34.33,9.74
1802,6.48,32.86,0.08
4061,7.96,60.23,8.99
3369,7.54,32.23,9.31
262,0.36,77.69,9.61
623,3.95,7.08,0.13
1016,9.31,66.04,1.72
3643,1.26,80.92,6.54
4976,7.37,67.28,0.25
2049,9.75,49.72,0.64
3723,0.52,95.03,2.21
4548,6.82,29.99,5.12
3108,4.68,1.92,5.46
4090,5.79,43.2,0.34
2056,0.85,3.3,1.7
3170,0.43,95.39,5.0
1682,6.67,20.99,5.94
2255,8.23,78.89,1.48
1154,7.82,77.46,3.99
4499,5.44,21.77,9.04
3191,1.0,62.12,9.99
1696,6.88,4.81,9.87
3991,2.42,48.36,8.82
4723,9.11,1.46,3.95
4682,8.38,92.11,6.87
1648,7.09,97.61,4.17
1445,9.49,22.23,6.49
4199,0.31,20.81,3.09
3923,7.36,75.37,6.06
253,3.3,25.34,5.24
3183,9.06,89.51,0.24
2557,2.67,57.39,7.91
98,7.25,35.08,0.12
2200,8.78,83.27,2.93
2961,0.42,49.34,0.06
4973,3.98,91.16,3.76
4433,7.62,92.8,0.63
3777,4.55,16.54,9.14
2869,2.67,0.23,4.16
3234,2.2,98.39,4.59
3791,1.32,90.61,3.5
956,8.57,5.54,6.28
4067,5.75,83.3,7.84
160,0.76,45.78,6.48
4493,3.83,25.9,7.48
1300,3.68,87.87,9.06
4911,1.82,19.67,8.64
3987,4.36,94.73,6.74
1527,3.32,20.56,2.15
1218,3.42,61.37,6.38
4496,7.39,22.31,5.06
4735,2.23,54.57,7.17
3104,6.42,68.4,8.33
2735,5.71,19.02,7.43
4555,5.68,52.09,8.47
954,6.63,46.91,0.64
4565,5.48,7.1,0.32
3446,8.79,81.83,2.59
1045,6.76,33.57,9.01
1693,5.47,57.46,8.24
3436,8.3,51.48,6.83
562,6.06,51.33,7.01
2485,2.91,10.72,7.27
3354,2.07,42.35,9.43
225,1.52,45.24,8.32
4893,8.99,73.36,6.23
959,7.1,84.0,6.66
4548,9.37,54.5,2.14
3067,6.03,8.68,6.57
815,4.73,23.68,4.25
4754,0.6,16.49,1.53
4642,6.72,12.46,8.06
3120,5.82,36.59,5.1
16,9.9,22.94,9.77
1243,2.39,21.83,2.82
2205,5.31,5.47,4.81
2524,6.51,1.77,4.48
1069,6.45,10.28,1.21
3444,5.61,17.22,4.26
2565,7.77,43.1,2.88
1060,2.05,51.05,1.6
2327,7.26,14.06,2.82
3420,6.2,42.48,2.33
301,8.96,34.17,7.34
4276,8.47,18.34,0.31
606,3.15,0.68,6.17
3170,2.76,46.7,7.61
699,9.82,68.57,4.81
1139,5.27,22.63,9.32
190,9.06,13.18,7.08
2300,1.64,88.7,7.48
980,6.43,27.5,1.97
2975,8.1,22.36,7.77
1184,9.47,85.71,8.32
3327,3.37,81.71,3.61
3394,7.25,44.83,2.13
127,5.39,48.92,3.85
2065,0.61,21.77,7.4
1816,6.9,7.83,4.18
569,6.9,57.34,7.37
1895,9.31,9.83,1.14
2733,4.97,44.93,8.06
3863,2.3,94.05,2.53
4721,0.45,95.28,2.49
4014,4.16,23.93,5.9
2901,3.02,62.41,0.7
1686,7.61,47.41,0.26
3009,3.54,87.57,2.61
154,9.49,27.14,5.38
2537,9.62,0.37,9.08
1409,6.21,16.26,8.46
4057,9.29,34.95,4.9
784,7.61,31.57,0.37
3175,5.47,79.14,5.35
4341,1.8,68.06,7.05
2806,4.59,29.96,3.39
537,5.61,45.77,1.11
1841,8.64,9.56,2.79
2455,4.81,89.81,7.72
524,8.98,93.54,3.51
2950,6.74,97.98,8.12
4131,1.37,86.86,3.2
4780,9.95,17.4,1.64
4115,5.27,4.62,4.36
2368,3.92,57.96,4.52
3847,6.59,91.26,0.16
4495,1.09,17.74,1.17
2701,6.37,0.7,1.85
971,4.98,80.55,1.14
1166,4.07,7.68,3.42
4929,9.53,41.37,9.65
2774,5.23,67.89,5.09
1982,2.19,23.68,6.28
853,4.59,8.4,3.56
4146,9.19,77.0,3.23
3736,1.76,63.02,0.23
3769,2.14,98.85,5.0
574,0.13,34.43,4.84
3261,0.14,6.18,1.58
1148,8.29,73.44,7.64
1715,7.32,52.17,4.93
4777,3.55,21.32,3.39
4933,6.98,78.17,1.47
3854,3.95,20.38,5.52
2491,9.53,26.07,7.53
2660,9.67,9.25,2.82
3124,3.93,39.94,2.19
3051,8.54,41.89,5.22
4,7.73,51.46,1.55
4869,3.1,70.9,6.67
876,2.32,90.61,6.05
991,4.58,13.77,0.87
4142,7.81,5.43,0.37
4364,9.6,1.85,6.2
4465,7.64,14.36,2.94
635,8.55,65.79,0.86
1693,6.03,72.75,7.59
1682,8.35,78.65,3.14
4752,7.84,24.37,4.6
119,3.77,30.59,2.37
830,5.52,48.31,6.27
3675,8.05,6.32,3.01
1369,0.46,61.11,9.68
740,8.08,98.37,7.03
116,1.78,36.08,1.37
2838,5.15,75.28,4.17
1150,8.08,50.0,3.85
1931,2.54,12.78,5.34
1012,2.46,58.22,8.42
1664,4.03,29.99,5.83
1081,8.95,3.44,0.62
4729,0.0,63.49,6.55
512,9.01,85.89,0.08
2849,1.54,34.48,7.8
559,9.9,39.03,6.67
3672,9.55,89.1,3.09
4583,4.95,81.36,2.92
4992,5.13,71.5,7.98
3343,4.82,24.88,7.83
4070,6.35,91.02,3.52
4799,0.91,15.44,2.99
1470,0.33,62.68,5.6
580,0.58,2.88,0.08
2294,4.44,64.37,0.83
3147,2.76,27.71,1.26
4249,6.22,44.97,1.85
1679,9.92,34.53,5.12
3506,3.86,17.28,9.92
2744,5.74,62.2,6.53
3356,4.16,88.2,0.61
4045,8.47,95.91,5.26
1243,9.02,19.23,4.97
3118,8.77,71.74,1.44
2141,9.74,66.43,9.2
3059,0.28,34.34,4.41
4548,8.4,1.91,9.95
2959,7.52,68.98,4.2
2265,2.29,94.55,6.08
2479,9.56,63.21,1.05
4646,1.48,43.53,4.54
1635,6.8,52.52,2.39
1757,2.25,19.96,8.36
4452,4.31,75.05,7.84
2070,7.19,74.64,8.24
2849,5.63,14.55,7.24
3251,4.28,87.8,8.33
3730,3.26,26.92,2.01
2489,8.4,98.23,4.52
1631,1.44,38.29,6.92
2816,4.3,17.79,6.37
1015,9.04,35.17,7.16
1348,8.46,44.02,2.24
4611,4.01,6.93,0.98
3087,7.63,57.82,9.17
2839,8.23,59.76,5.6
335,8.89,73.89,1.54
4592,5.45,2.92,7.93
895,2.04,54.12,9.15
3546,2.55,5.29,1.7
851,2.96,70.11,8.17
1687,5.94,5.57,9.33
1931,0.33,91.17,9.38
3746,6.36,70.21,9.14
2427,3.64,50.74,5.46
1568,2.95,44.15,3.56
4000,8.79,13.07,0.07
2738,4.6,29.1,0.61
3498,0.95,86.9,4.29
3913,8.27,90.45,3.99
1066,0.48,0.07,1.85
4380,7.27,59.41,3.95
2444,7.74,71.93,1.75
4107,3.53,61.87,8.49
3373,8.25,8.17,2.98
3969,5.16,21.77,5.99
2546,4.63,25.03,5.03
753,0.45,83.17,0.52
2082,2.9,46.32,9.42
2774,9.31,48.68,5.27
2896,3.92,93.49,3.25
4185,5.47,63.71,1.58
775,5.32,89.87,3.39
1625,5.9,45.65,0.21
3069,0.61,14.94,3.64
417,3.62,92.99,5.31
114,7.23,45.87,8.72
616,2.01,18.16,6.87
3974,2.04,30.24,1.12
3267,0.1,5.08,1.48
825,4.37,46.83,4.28
1516,8.83,85.31,1.96
3146,0.52,93.36,0.28
412,1.91,93.26,8.05
728,3.1,12.52,0.2
3348,7.32,38.21,8.31
2808,6.41,2.82,1.44
675,4.16,85.52,9.75
3465,7.59,35.88,6.04
2504,6.1,63.11,7.35
2967,8.96,71.49,1.1
2786,8.18,42.98,8.62
1122,2.53,30.64,8.39
4079,2.71,96.22,6.53
1571,1.25,96.45,5.02
2143,3.37,28.94,7.21
1687,10.0,47.96,0.06
4132,4.06,97.28,5.92
3851,2.2,0.49,8.47
3440,7.62,41.27,3.57
3766,5.42,10.05,1.08
2326,1.5,50.92,4.21
2914,3.81,2.47,7.27
4968,4.14,40.69,1.07
3952,7.54,22.07,2.06
595,0.21,53.33,1.48
728,2.69,99.6,7.97
1365,5.18,80.05,0.63
4492,2.69,84.56,6.87
698,6.28,63.53,3.66
395,4.82,4.16,7.56
4171,3.62,20.68,9.64
4360,9.49,92.51,1.15
2502,6.32,36.61,3.14
1819,1.3,10.36,8.1
717,5.6,70.24,2.66
2782,7.81,29.95,2.15
4946,7.08,26.89,8.25
3577,1.72,99.8,9.87
143,9.72,85.81,5.57
4980,4.49,40.79,2.78
3140,1.59,98.03,3.99
4491,1.8,65.01,1.7
2938,0.98,74.2,7.62
3636,8.04,3.15,7.73
3222,1.22,12.16,8.75
1167,1.25,63.31,0.27
2616,8.5,89.9,5.62
1062,3.45,62.37,2.14
2156,0.31,13.4,3.41
2982,0.52,11.58,7.85
3294,1.42,84.42,1.92
4729,2.13,13.93,6.38
1156,6.65,52.02,6.55
732,1.57,3.71,9.54
4330,1.19,8.07,7.75
4846,7.65,67.23,8.04
953,6.71,68.92,5.32
2539,4.35,34.15,1.87
3324,5.49,21.56,4.26
3301,3.12,81.37,5.49
1542,4.83,21.71,6.78
1191,5.07,54.2,6.08
2993,3.87,96.82,3.94
2681,9.07,14.79,2.65
1217,0.16,94.09,1.68
1540,7.82,18.29,6.94
3236,1.24,56.74,6.45
2386,7.98,37.7,6.87
3719,6.16,96.49,3.73
1388,8.43,27.35,2.62
1856,0.98,39.97,7.6
1365,5.59,98.29,7.74
499,5.01,53.65,4.56
1680,7.06,50.26,6.12
510,5.34,25.78,3.74
4312,5.41,70.14,7.02
1324,4.3,1.44,8.36
1155,3.09,4.95,6.88
1827,4.82,59.94,5.13
3141,1.18,34.17,4.59
3486,9.62,95.33,6.42
1810,7.14,90.32,6.8
2923,9.52,71.37,5.59
2214,2.27,81.81,6.25
4186,8.79,66.73,0.97
713,8.09,12.56,9.52
3602,6.77,76.55,7.91
4134,6.25,21.02,3.74
3522,3.17,32.34,5.63
4268,8.16,81.92,0.47
4748,5.02,53.65,0.41
4849,0.71,85.99,2.51
1243,3.13,21.3,6.9
3709,9.35,60.78,8.52
1081,8.51,8.38,5.59
455,9.82,64.31,5.32
4924,6.28,76.25,4.02
894,2.48,58.49,1.62
1384,1.63,26.62,1.18
1958,1.87,3.13,7.61
3072,0.2,11.94,9.28
1996,3.91,62.23,4.58
4285,1.91,93.44,6.59
504,4.12,20.65,9.14
1214,9.35,73.5,0.9
1531,4.31,86.65,7.7
3440,8.78,52.09,6.17
823,6.06,66.93,5.99
928,2.47,81.5,2.93
133,3.56,26.07,6.84
2105,0.84,29.69,7.95
3627,3.33,0.06,1.13
4780,6.78,96.31,5.34
1852,0.72,91.75,1.01
4910,2.05,76.46,8.73
4175,3.81,7.91,5.08
2933,9.82,44.75,8.08
3284,7.85,10.19,3.68
4298,7.33,1.59,1.25
2811,1.16,61.62,0.41
1250,7.81,96.08,2.82
3512,7.85,90.29,2.44
1256,6.01,69.68,5.6
3376,9.9,9.66,0.22
3486,3.25,27.42,5.21
3584,9.41,32.01,3.92
1396,9.15,76.32,5.77
3637,0.11,80.22,7.02
3330,4.5,38.51,6.34
2703,9.77,41.79,9.85
470,1.03,4.45,1.38
1353,5.48,28.91,4.3
2783,9.79,45.13,4.25
2831,5.55,11.7,4.17
357,1.9,45.33,6.64
3019,5.82,85.32,4.9
667,2.04,58.13,5.17
4468,5.2,7.89,4.32
1145,0.74,19.17,9.92
4185,6.05,47.45,9.28
3719,5.17,36.15,3.08
2745,7.4,35.87,1.12
539,6.31,52.93,8.4
2779,5.5,58.44,9.97
4964,6.9,79.69,2.93
4136,1.44,34.1,3.58
4835,5.95,80.55,9.42
3775,1.72,33.86,7.11
2508,9.26,5.54,2.96
2779,0.68,55.42,5.81
924,4.3,58.79,9.44
2956,6.96,93.45,8.12
1581,4.58,72.61,7.42
3324,0.92,91.78,7.37
4485,5.53,90.83,1.78
255,6.42,60.46,8.25
4804,7.04,52.78,2.76
1838,3.73,55.74,9.3
1944,5.64,97.83,3.65
9,4.51,77.32,8.58
2871,6.72,10.63,2.66
797,5.84,77.84,5.15
4972,5.26,17.05,1.07
1015,2.5,44.74,6.6
1824,0.02,21.05,8.36
4469,1.74,68.96,7.18
3136,1.17,87.73,5.23
2193,4.49,29.04,0.45
223,6.12,8.2,9.33
4948,2.13,29.85,7.05
4158,9.39,67.24,7.46
3925,0.07,32.88,7.95
4784,7.72,27.81,7.48
4000,6.25,18.44,4.41
1633,3.74,49.75,7.34
2152,0.5,27.59,6.25
510,6.27,73.1,8.54
384,3.86,7.66,8.02
404,9.36,66.4,0.41
4613,5.42,23.76,3.79
4571,9.4,48.93,0.35
2000,2.2,28.61,1.02
2756,7.26,72.28,6.01
1668,6.17,94.53,8.74
1460,7.39,91.71,1.2
3636,2.15,58.34,4.51
2724,6.65,46.26,9.11
4809,4.98,81.83,8.14
4178,7.43,68.33,5.2
2048,3.27,18.36,7.72
4146,8.9,82.09,5.23
4780,0.84,42.89,1.58
716,8.07,18.9,1.25
4544,8.61,28.18,1.88
4976,8.17,26.75,3.51
4583,5.13,51.92,9.31
1823,4.38,23.44,8.0
2081,9.96,12.36,4.33
3419,2.29,12.37,4.93
1574,5.47,58.33,2.66
249,6.71,73.48,7.04
673,7.01,32.15,8.03
4533,2.04,3.47,2.39
2165,6.54,12.72,0.42
770,8.18,91.47,6.24
3962,0.5,49.35,5.63
4363,9.12,45.36,4.02
1984,0.3,3.8,6.44
1077,3.56,72.86,5.51
235,0.16,52.81,2.51
388,0.77,20.21,3.98
3037,9.11,11.01,4.28
4858,3.55,38.34,8.8
1848,4.25,83.72,9.61
4719,2.15,86.53,8.93
2814,5.97,60.28,7.19
3374,5.95,72.75,5.85
3278,3.72,11.52,6.89
1252,3.33,58.81,9.39
3981,8.85,66.7,2.5
4673,3.83,20.07,5.35
2122,4.94,88.02,6.9
4530,2.83,19.5,6.79
2150,7.87,31.35,2.52
4859,3.97,62.06,5.87
1329,5.14,63.84,7.96
1358,2.53,69.94,4.75
2482,9.88,11.2,7.93
4542,2.91,84.95,3.6
2017,7.71,53.28,9.39
1331,4.27,47.13,5.34
4344,2.06,98.11,5.96
4261,8.0,74.04,0.31
1358,3.34,11.8,1.7
4637,8.65,75.65,6.33
4854,9.15,9.52,4.2
3177,8.6,2.75,5.08
2128,0.35,40.36,0.63
2180,7.87,99.36,8.34
4892,4.11,17.49,7.85
137,8.74,67.26,1.85
3472,6.38,17.34,6.34
2832,8.34,72.48,8.18
3579,4.99,50.54,6.41
3031,5.35,68.0,3.1
4164,1.44,20.29,6.56
2593,7.84,74.56,2.1
4300,4.19,99.56,3.18
3818,5.0,66.57,2.4
4138,7.85,49.35,5.57
3823,5.99,92.32,1.08
4042,2.01,1.59,9.33
1906,5.9,72.99,3.34
760,4.08,88.87,2.19
3445,4.7,6.17,4.97
899,0.28,45.01,2.77
4455,2.1,20.47,5.35
2947,2.81,56.65,3.49
1719,7.13,64.95,1.32
280,0.11,30.26,2.66
3266,4.09,46.0,4.38
1887,9.24,27.93,0.3
3266,1.12,36.94,7.71
666,5.16,15.95,6.22
4188,7.87,88.56,6.01
671,9.43,1.0,5.46
1969,7.47,88.24,5.9
4156,7.21,57.17,9.35
3122,8.26,33.17,0.09
4699,4.46,72.31,0.48
4777,8.06,50.78,1.91
3900,0.08,49.91,1.67
523,9.25,11.01,1.81
2393,4.43,38.95,6.72
3117,5.53,24.11,4.59
2593,2.55,1.57,9.92
1968,7.43,36.01,2.27
1753,0.77,8.98,3.11
2296,8.73,25.68,9.84
2261,8.28,9.25,8.32
2286,2.16,10.09,4.7
4202,8.09,19.9,5.55
2878,7.86,99.98,8.43
4143,6.32,0.22,4.81
3644,3.74,63.87,2.06
4432,2.71,14.12,8.28
2055,2.32,92.06,5.38
4720,3.19,9.36,1.53
1276,9.04,95.51,5.06
2766,0.78,61.09,4.13
302,8.29,0.13,8.77
638,3.49,89.4,1.26
55,5.22,52.17,8.75
4821,7.94,26.27,5.12
525,8.84,76.73,4.04
4569,3.45,92.67,1.62
4123,4.62,48.37,7.01
2125,4.15,31.56,9.27
3287,0.13,78.89,3.75
364,2.96,68.18,2.42
4621,4.59,88.88,5.55
4978,4.11,69.25,7.96
1646,7.22,24.35,0.04
918,3.85,93.17,6.31
2797,4.89,10.48,5.97
1531,4.3,26.79,3.18
3345,7.41,52.02,4.51
1906,8.63,56.57,2.47
3086,5.32,1.53,7.9
4580,7.89,78.06,6.35
2075,2.97,36.16,5.33
713,5.41,40.64,3.93
1062,3.45,80.94,2.91
1976,4.14,37.93,8.23
1296,7.32,4.72,4.51
125,8.82,17.64,5.01
4632,1.21,95.59,5.21
3596,6.35,7.04,4.48
3283,5.82,35.49,2.56
1603,1.18,50.32,1.2
66,2.12,49.33,0.99
232,3.11,0.4,7.57
2156,1.67,50.12,2.24
1169,2.44,38.38,0.56
2158,2.68,97.21,7.98
4206,3.36,15.92,1.54
1493,7.49,35.42,6.25
4718,5.72,41.95,3.39
4007,9.86,39.07,1.26
2472,4.15,66.58,4.14
2660,7.54,21.55,0.15
2739,8.71,22.11,8.41
1761,6.79,72.92,5.13
3514,4.12,50.03,1.39
1975,7.54,41.52,2.37
2362,2.04,16.92,4.48
876,3.28,18.75,1.89
3812,5.47,1.06,2.69
3448,5.75,9.14,5.34
1312,0.22,55.68,8.33
1460,9.45,89.19,4.02
2709,6.97,28.72,7.17
2324,4.96,32.77,8.77
1733,9.33,11.56,2.16
1605,4.39,38.86,8.07
2563,9.8,3.72,7.57
3421,5.12,91.76,3.57
3517,1.14,67.31,9.9
2397,7.65,99.07,2.63
3735,6.79,88.28,2.55
2870,7.73,47.3,7.72
1160,9.51,51.97,4.35
4854,7.76,19.06,3.31
242,6.11,46.2,1.79
2590,8.57,90.3,7.65
1063,6.73,5.09,7.86
4324,4.08,86.36,5.67
2595,8.86,34.09,9.57
919,2.22,89.95,3.18
5,7.15,94.09,2.2
467,8.82,67.09,6.77
4170,7.31,66.44,7.58
3,6.97,45.28,2.25
645,7.53,83.55,0.77
117,4.65,96.16,8.11
2928,8.74,77.51,9.77
2551,2.03,62.19,6.45
4289,1.27,60.68,2.78
846,2.86,84.95,9.97
2762,5.32,54.12,8.93
1141,5.11,80.39,5.13
1810,8.21,50.89,8.25
723,4.05,6.24,8.16
224,4.84,38.39,9.35
4627,0.13,44.44,8.41
4208,4.1,14.16,6.44
4654,6.48,10.25,6.09
2048,0.16,53.55,4.67
4749,2.81,8.51,6.26
4415,2.08,30.29,7.95
1573,0.42,74.46,9.69
1828,4.79,96.44,4.67
1917,1.82,71.79,5.74
4234,7.43,99.26,4.45
2026,8.48,69.83,6.68
3744,5.46,29.38,6.3
901,9.82,67.21,0.18
4785,4.5,70.22,5.41
2039,5.13,37.17,0.88
9,9.89,1.77,0.26
260,2.32,70.32,7.91
1673,9.43,2.17,2.59
2219,0.43,63.12,3.41
2060,4.46,16.36,0.64
3713,0.7,56.56,1.8
1619,7.29,50.39,7.66
320,6.08,1.35,4.94
1342,7.07,36.29,8.81
2376,3.74,60.11,3.97
2832,3.69,84.86,2.69
2824,0.45,88.86,3.48
1994,3.5,48.38,7.13
2958,9.29,72.84,5.55
2038,3.79,31.65,9.04
3490,8.31,34.22,6.02
3677,8.42,19.45,4.93
1118,3.73,56.19,7.86
1604,6.32,31.46,9.48
4027,0.95,8.44,3.56
235,1.04,68.5,2.5
1969,0.49,70.78,6.16
4429,5.81,36.0,4.99
1908,4.26,7.67,9.89
375,5.48,42.63,4.62
3530,5.21,44.23,0.74
2635,3.5,66.87,9.77
1570,6.77,31.54,8.44
2560,7.59,68.26,1.78
3391,0.15,87.15,9.05
2965,2.07,23.75,3.41
3643,7.13,97.89,3.77
3850,3.87,38.64,9.06
872,6.62,26.73,5.3
1252,3.47,42.15,1.38
1314,3.91,9.44,3.69
4820,1.59,12.57,7.22
2898,2.58,41.44,1.74
77,6.05,76.24,5.9
2621,4.33,90.03,6.95
4227,7.74,66.48,3.44
600,8.53,10.52,6.94
1065,5.42,67.2,8.84
2136,7.58,63.54,4.72
2449,3.07,80.58,3.83
2343,4.15,82.52,2.51
1863,7.13,86.82,6.04
1318,3.86,41.41,8.8
4711,5.89,69.79,3.25
3597,1.85,26.83,3.96
3762,6.0,99.93,4.07
4670,8.62,17.53,5.61
2190,8.69,1.01,2.28
992,7.24,14.88,8.22
2712,7.46,77.59,2.96
2192,5.58,44.68,7.05
1248,5.85,44.75,5.13
3054,1.34,95.5,5.86
4598,4.44,91.96,1.8
4033,4.51,31.12,7.35
1997,9.58,20.91,1.89
4916,4.31,84.85,1.13
3687,5.49,90.6,5.47
2151,5.33,54.16,7.09
4018,6.37,62.94,0.5
3110,7.48,25.69,0.69
1970,2.25,80.08,8.03
197,5.29,63.21,8.09
2626,8.26,50.35,2.45
1202,4.63,6.01,6.15
2035,2.78,91.59,4.43
477,6.55,61.55,6.33
1254,8.24,19.27,8.63
922,0.63,60.64,0.8
419,7.77,67.75,7.78
2204,8.22,52.58,4.93
2597,4.62,71.81,5.64
1120,9.83,58.15,6.54
3068,7.87,94.78,9.23
950,7.74,5.37,0.57
2336,7.48,10.62,0.29
2243,1.51,17.37,1.78
2645,2.17,69.02,9.86
1857,4.64,64.56,7.15
4612,2.64,89.21,6.15
1865,4.15,73.29,0.47
2912,8.88,50.84,8.79
2853,8.24,99.18,8.13
4910,6.3,26.61,6.65
3228,8.58,83.32,3.39
3719,7.84,42.68,0.71
3228,4.29,64.87,5.8
2371,2.01,72.73,7.2
2891,5.14,63.38,0.94
3756,7.36,14.05,6.34
4225,4.36,44.3,2.86
94,6.67,56.14,7.64
2674,0.94,84.9,5.4
1955,7.48,44.36,1.29
793,8.13,91.87,5.27
1834,7.07,44.04,3.96
2116,9.67,54.88,1.8
4106,8.27,79.63,8.42
3325,9.03,58.31,0.11
2919,9.34,96.02,3.12
2597,8.01,66.03,0.13
3205,6.74,52.27,0.96
4807,0.06,2.36,2.97
814,4.66,41.37,0.54
345,5.71,29.92,5.97
2349,3.04,74.81,0.87
362,3.18,20.83,7.02
2443,9.61,20.52,0.53
2265,8.92,18.95,0.59
2188,8.49,12.56,3.05
3005,4.06,31.1,8.97
3281,0.14,88.59,6.41
984,0.8,77.49,7.7
1639,3.12,73.53,1.42
827,0.16,79.73,8.34
2730,0.17,26.94,0.08
3531,9.17,88.74,2.13
4451,7.06,13.73,6.16
2935,3.09,33.63,3.75
3876,1.33,58.67,9.84
126,5.12,10.29,0.3
3177,0.05,73.01,9.99
3056,9.38,38.72,6.24
603,4.15,78.44,5.59
3449,4.02,49.29,0.6
4146,3.91,18.09,2.73
3533,0.69,73.48,9.25
3367,6.38,25.21,3.54
3368,7.33,49.08,6.62
3797,6.76,7.55,9.99
1792,1.38,61.79,2.63
2861,5.79,66.59,5.76
3476,5.69,37.87,6.96
3417,8.68,95.44,1.65
1645,3.79,87.42,1.49
1205,3.71,70.79,4.56
3030,6.19,71.37,3.86
2872,6.33,25.24,7.14
3072,4.69,65.68,0.7
1854,4.43,19.82,9.72
4021,4.94,14.4,0.14
4662,8.61,99.95,6.01
2708,4.61,62.24,5.63
3502,9.4,43.1,1.35
1332,5.04,28.82,1.51
201,9.49,60.39,7.93
3507,8.33,4.96,8.88
4212,3.62,9.47,2.83
574,8.64,3.29,4.38
536,1.1,49.92,3.55
1625,9.25,60.06,0.73
2122,6.32,6.25,6.73
385,0.54,72.12,8.25
3281,6.44,23.04,3.05
474,9.74,68.52,9.9
417,0.7,98.19,0.76
3600,5.55,69.11,6.62
954,7.48,88.32,4.48
4971,8.1,94.82,4.47
4858,4.14,48.68,4.58
1205,2.04,70.23,2.59
4759,0.42,85.2,7.16
4120,5.8,35.66,7.22
1990,4.53,26.14,2.82
4805,9.49,94.66,8.35
3572,0.61,72.63,3.17
4380,6.85,21.97,7.25
4158,0.25,44.91,1.21
4757,1.71,79.65,1.69
2713,4.54,54.71,3.16
2203,4.55,65.0,5.94
3120,6.86,75.38,6.46
966,9.1,62.2,3.96
4944,6.39,54.01,0.78
3432,9.54,74.96,3.74
688,8.82,72.76,6.89
4243,5.84,62.99,6.71
3701,8.34,35.98,1.6
341,6.43,40.58,0.08
1724,0.79,97.04,7.53
4422,7.41,11.24,1.06
1792,0.95,26.85,0.82
1759,5.94,49.24,0.03
3212,7.03,83.67,4.33
989,0.67,16.37,5.03
2262,2.31,27.7,6.38
2482,9.16,6.58,2.96
951,6.16,70.6,7.1
722,2.46,23.82,1.69
3389,6.91,38.87,8.32
2079,5.97,44.37,5.72
2717,5.02,89.13,5.84
2332,9.76,41.13,2.1
3376,6.83,14.52,0.74
4524,3.75,52.43,4.65
1500,8.0,96.3,6.16
285,8.85,60.77,0.95
3495,1.25,98.34,9.51
2065,2.01,84.11,9.8
768,2.16,3.6,5.45
3057,6.91,65.84,9.5
4289,6.03,28.68,1.79
2161,6.19,55.96,0.25
3293,9.41,27.93,0.39
946,7.76,34.89,5.88
4926,1.28,92.32,0.62
3335,3.48,20.66,9.59
4150,4.35,87.41,1.42
4895,3.96,3.05,3.05
4873,6.69,9.09,8.23
1481,8.92,85.47,2.19
1901,3.06,63.06,2.43
3451,5.52,74.72,6.42
4064,7.89,20.94,2.76
54,4.16,53.71,2.17
1823,1.68,73.72,2.54
3462,4.75,62.73,4.91
3079,0.55,47.17,9.66
832,9.42,95.98,8.32
4408,0.75,67.62,2.85
2806,4.38,90.78,3.63
2490,5.3,72.98,4.65
327,9.85,73.55,9.79
3310,1.66,8.0,1.72
3300,1.14,35.95,3.57
3675,0.09,85.84,7.29
3054,1.56,23.26,9.64
2143,2.07,11.55,1.56
1311,6.31,32.61,2.27
3191,2.2,22.04,2.26
2538,0.21,92.53,0.21
3983,8.27,86.8,6.04
4547,3.66,49.97,6.71
164,3.54,6.13,6.03
4277,3.02,71.46,0.71
822,9.75,62.34,0.69
943,1.7,97.06,2.1
4425,8.98,55.9,2.9
774,7.77,33.64,7.87
2198,0.76,51.9,1.59
3156,9.87,97.93,0.44
4242,2.71,69.64,3.94
3695,0.99,67.2,4.16
3452,8.29,24.07,4.51
914,7.07,74.36,8.27
1308,6.17,75.03,0.98
4177,1.56,31.73,7.04
513,4.78,48.37,3.38
1920,7.81,29.46,3.1
3594,3.04,25.87,9.33
4841,3.12,2.59,2.48
1409,0.03,28.52,6.43
4802,1.74,55.4,2.75
4566,8.75,0.16,5.07
3190,4.42,28.32,7.86
4491,9.84,88.14,8.82
1555,3.96,59.36,8.39
804,7.15,60.79,5.82
1279,2.82,40.34,2.49
5000,3.64,67.65,6.61
3577,1.91,18.99,7.1
2901,3.47,81.87,0.11
1387,5.47,11.67,4.39
4688,9.92,65.6,8.43
2761,6.64,34.11,4.9
2679,1.99,74.75,3.11
2106,0.45,54.98,8.72
4223,1.26,45.24,1.56
4831,5.63,16.94,2.06
2768,7.65,63.68,6.87
3953,9.4,97.48,3.52
3186,0.16,82.56,7.13
3280,5.23,6.0,1.58
2573,4.71,37.62,2.52
4616,6.56,92.56,1.57
2599,5.6,50.3,9.53
4033,6.87,66.21,4.05
236,6.58,91.26,3.37
1304,1.17,87.38,0.14
3430,8.0,50.18,1.53
1301,1.23,43.76,4.21
2541,6.99,33.97,0.69
2051,4.16,71.9,5.11
441,5.14,28.7,4.55
2076,9.03,24.99,7.67
3180,8.9,35.62,6.6
2657,8.18,17.72,4.46
3798,5.1,69.51,2.25
804,7.36,61.62,7.27
74,5.13,48.29,7.08
2175,8.7,39.03,1.53
3924,4.03,90.91,9.15
2089,9.7,2.91,0.64
40,9.32,76.91,0.55
2081,7.42,90.19,1.87
4683,2.79,44.64,9.09
1622,1.32,55.07,5.2
341,8.55,94.45,7.88
4052,1.65,21.23,2.28
2074,8.54,52.01,4.9
645,4.91,47.47,3.58
4826,4.07,25.84,8.28
4263,9.03,81.86,0.23
609,6.04,89.96,2.44
454,5.77,78.19,1.53
2953,5.59,19.54,8.59
1708,3.71,8.67,4.68
3472,7.86,60.54,4.04
2969,2.53,5.71,4.49
3028,9.39,67.28,9.72
4797,8.94,53.04,8.5
2681,3.37,66.28,7.06
3629,7.29,59.02,2.9
4225,5.73,42.27,1.65
3067,3.38,20.09,9.21
1386,9.89,30.57,4.23
3776,0.25,52.45,2.79
2866,2.53,65.19,4.71
4788,5.2,77.95,9.18
3363,5.22,76.72,3.87
4889,5.89,97.27,5.63
4124,7.52,28.58,8.03
148,6.23,7.11,4.27
3850,6.0,34.57,2.34
2058,0.54,74.33,9.95
1136,3.77,43.81,9.57
186,2.32,81.78,8.43
2854,2.65,54.93,6.88
1250,5.54,92.98,2.95
1333,2.0,94.79,9.13
4193,2.94,6.93,2.76
4150,2.37,45.64,8.01
2711,9.49,60.97,9.18
4853,9.45,25.59,6.03
4501,6.1,40.71,8.03
1785,9.25,67.77,7.92
750,7.86,22.67,1.93
1762,5.9,60.2,6.68
3920,0.06,69.74,0.93
4460,7.73,9.05,5.08
481,7.02,49.75,1.62
153,6.15,26.31,4.16
1524,7.6,72.44,8.33
2120,5.13,18.96,9.87
2343,7.04,89.22,3.18
1240,9.35,43.09,5.32
60,3.76,19.8,5.11
938,7.08,43.8,9.54
1639,4.76,40.87,4.79
4120,6.74,42.89,6.99
4226,7.63,58.56,9.22
3569,0.45,52.12,3.73
1252,6.47,14.98,9.02
4203,2.27,6.56,9.17
171,6.7,72.94,9.31
1458,4.68,55.97,2.7
3549,7.74,35.9,4.0
4197,1.23,80.84,8.7
2322,6.26,38.81,3.59
1636,2.78,79.6,6.0
3115,8.53,30.58,1.18
4090,9.28,7.28,0.56
3004,9.96,93.26,4.12
329,7.96,39.46,5.79
3640,7.54,79.27,3.93
3894,2.16,27.91,5.78
4107,3.36,64.64,5.15
1341,4.66,87.33,6.86
3663,7.73,4.16,6.5
215,9.15,83.06,4.24
338,1.89,57.13,4.25
4062,9.22,60.75,1.41
2708,6.96,52.32,5.13
3152,6.11,87.45,5.87
1750,2.0,4.34,4.76
2421,0.56,26.1,3.26
709,5.68,87.58,7.22
3726,6.52,75.23,0.75
3642,2.11,1.76,9.14
3993,5.56,51.7,0.21
488,8.56,52.96,9.62
46,8.35,40.09,4.62
3359,9.27,29.74,4.13
4873,3.66,68.17,2.56
4806,3.18,20.78,0.1
400,7.49,79.89,2.75
3990,4.31,80.3,1.09
3157,0.88,41.53,6.6
4345,2.83,28.35,3.19
390,4.19,28.39,7.67
3853,2.93,48.23,2.07
4430,3.32,71.96,9.0
628,2.94,35.89,5.23
4232,0.41,61.0,1.15
2930,6.37,38.25,4.01
1521,5.97,30.45,2.07
826,6.53,2.49,2.0
4822,1.92,0.39,5.06
1500,2.96,22.72,6.72
3294,6.2,40.64,9.12
2419,6.0,85.13,5.02
934,5.06,79.85,9.66
3042,3.5,26.72,9.42
4497,9.13,24.45,8.65
1466,3.4,22.73,5.0
3561,4.56,33.92,1.41
614,6.78,49.82,2.18
1182,5.43,43.87,6.48
3223,3.47,21.83,4.22
2667,4.36,13.05,1.47
130,7.94,1.26,4.79
2983,2.78,15.4,0.17
4278,1.42,70.54,7.34
4459,3.13,24.36,0.74
38,8.5,46.86,6.29
3959,0.89,59.13,7.93
3587,9.92,88.68,1.33
920,5.41,88.89,5.19
2769,9.85,74.57,7.79
4111,9.39,3.52,2.61
492,4.53,57.51,1.63
1131,1.98,78.66,3.37
3521,1.65,1.73,5.55
310,2.4,54.97,5.75
738,7.1,85.78,1.31
3241,2.73,47.41,4.58
545,3.41,0.41,2.68
2461,4.49,1.1,8.42
4346,9.13,41.66,3.14
4854,1.89,15.5,8.39
1804,0.05,66.45,4.29
3212,0.6,70.88,7.27
3810,9.05,17.79,5.1
813,6.48,88.85,6.22
4124,2.73,44.19,3.95
2032,1.77,14.28,7.68
4572,2.94,76.43,4.25
4413,1.15,79.0,4.57
244,9.42,63.93,5.18
4843,7.84,85.35,8.32
4792,4.62,73.74,6.59
271,8.65,88.22,3.49
3511,2.49,43.39,6.7
1771,7.17,74.76,6.42
1262,8.56,99.98,9.31
2424,3.57,72.49,8.41
4361,7.57,11.42,6.47
920,2.95,51.83,3.42
3430,2.99,58.73,7.8
4435,1.07,17.42,5.75
4484,4.4,96.29,9.85
2624,7.3,17.56,2.48
3760,9.4,17.76,0.8
2050,6.04,91.52,0.7
3500,8.63,46.52,6.4
1165,8.22,6.32,9.39
375,1.73,59.82,0.02
2033,4.86,60.18,7.26
145,1.17,6.45,6.57
4388,6.82,97.25,7.32
431,9.5,54.4,3.55
704,1.37,55.98,8.2
2632,7.34,52.01,0.45
4494,6.32,61.07,7.55
963,5.84,26.43,2.67
2234,3.9,28.72,4.77
2041,3.55,51.13,8.23
1828,0.45,80.67,2.71
2108,2.18,4.99,1.85
4068,0.15,60.34,6.81
938,5.81,80.68,5.33
4805,1.06,15.69,5.14
806,8.73,1.5,2.57
1463,5.23,31.27,0.35
3415,7.0,58.81,4.1
10,4.11,13.83,1.07
1868,5.61,42.61,9.06
4867,9.43,55.23,0.41
884,0.83,59.89,4.32
3564,2.54,27.44,0.52
1389,7.8,40.0,0.96
3401,0.99,77.83,6.59
4321,0.76,94.12,6.47
824,3.62,86.19,0.33
2265,0.92,56.43,0.01
936,5.85,41.03,0.79
2800,2.26,33.3,7.63
2553,8.96,12.5,5.85
3845,7.84,10.66,0.38
1796,7.0,68.84,4.88
53,6.17,25.98,7.12
726,8.63,25.47,8.69
2736,2.23,99.82,9.34
3170,8.73,18.79,3.27
1913,7.89,14.81,1.36
1596,7.48,9.87,2.37
1914,5.61,57.98,7.76
2466,2.46,62.79,9.71
2737,4.24,36.52,4.66
849,7.94,53.54,3.05
2109,0.32,78.84,4.29
2,7.82,81.81,3.05
4255,2.4,95.79,2.56
4069,1.44,82.43,5.94
4876,1.16,56.48,0.16
892,0.27,17.97,2.6
2030,5.24,9.98,6.61
3160,2.18,5.45,0.32
2376,9.89,66.65,0.83
4675,5.74,80.75,2.93
1933,1.38,50.87,8.78
1380,6.89,5.47,7.65
3681,8.98,53.55,0.22
1290,7.45,93.57,5.02
1640,0.76,59.76,2.75
2682,8.96,80.94,6.49
987,7.94,80.02,7.22
1218,1.58,93.21,8.63
1355,0.52,77.02,4.75
4265,5.57,74.77,9.94
4616,1.56,23.41,9.8
4135,8.35,5.99,8.82
1560,3.58,51.76,5.75
1418,9.13,12.44,3.98
954,5.66,96.22,3.64
983,1.83,28.99,0.12
974,1.4,85.29,2.49
4133,5.76,38.76,7.19
3972,7.62,32.32,6.04
913,7.82,93.52,9.16
4549,2.76,36.33,0.5
36,2.04,39.03,1.55
3387,0.17,10.61,7.89
1711,6.79,67.04,3.59
3020,0.77,28.88,1.18
795,4.21,58.56,9.96
4036,6.02,59.14,7.87
4688,9.37,71.92,4.09
3111,3.12,74.52,8.23
1324,2.5,51.45,6.81
317,6.54,33.1,7.9
2396,6.19,83.75,8.15
2162,3.32,30.99,0.85
2745,9.28,50.75,6.23
1591,8.45,40.13,0.07
3111,2.24,85.51,0.43
3930,2.39,43.19,9.04
1996,5.12,38.61,5.28
1312,7.74,68.98,7.36
1285,0.44,60.24,8.39
4311,6.93,10.72,9.5
2383,6.48,50.82,8.69
3239,2.31,73.55,4.83
2139,6.81,99.21,3.36
1704,9.4,62.91,1.54
362,0.47,37.03,4.0
2604,3.2,22.62,3.66
1716,4.38,87.28,5.6
4451,8.99,81.46,6.66
4286,9.62,23.39,9.78
3738,4.44,20.06,7.28
2469,7.5,71.51,6.44
4795,5.32,31.5,3.35
556,5.38,30.64,0.35
825,2.78,15.23,2.88
2808,2.17,26.4,7.68
4521,2.88,42.75,2.05
2719,5.56,73.28,7.12
3508,0.29,33.63,5.8
3741,9.07,32.86,1.72
1574,1.56,28.49,2.62
3998,2.2,47.83,4.96
2129,5.18,18.06,4.18
2403,7.1,48.56,7.79
3329,0.96,70.42,7.34
588,3.18,2.98,5.75
2012,9.69,0.98,8.22
1547,2.62,7.51,5.63
294,3.13,53.57,9.64
1985,8.36,85.45,2.17
3117,0.5,0.49,7.14
1690,4.65,93.67,3.7
1136,3.8,10.63,2.79
2064,3.17,84.2,1.8
4455,2.86,48.29,5.53
4795,0.91,65.94,2.15
4543,3.15,51.07,2.0
4770,0.43,47.7,9.91
1007,7.81,83.49,8.02
2514,3.98,75.59,7.48
3526,4.44,48.34,7.94
4681,8.94,11.16,9.69
1247,6.58,11.54,5.73
3902,0.08,80.15,2.2
1435,9.43,52.94,8.62
571,2.37,48.16,7.43
2382,1.08,68.06,4.14
1245,7.68,85.88,4.74
2084,5.0,62.89,4.11
277,4.34,76.28,9.3
1887,2.5,76.53,3.44
4579,5.47,35.63,9.63
1265,2.74,27.41,9.1
4826,9.02,80.12,6.31
1040,2.15,37.72,5.8
917,8.84,90.33,3.7
885,5.59,6.97,0.18
2752,8.28,5.82,1.28
21,7.13,92.7,7.54
4569,6.97,64.85,4.72
3191,3.24,37.96,1.5
2353,2.34,75.51,2.64
4799,2.11,67.23,9.48
686,8.57,53.12,3.67
284,8.2,9.89,9.08
4811,4.41,81.22,3.05
3747,1.32,86.6,5.43
762,3.82,17.22,0.2
2428,6.19,85.05,5.22
2507,4.54,87.78,6.37
28,7.8,54.94,2.34
906,9.98,65.62,5.79
3104,1.91,38.22,6.47
3999,4.6,28.18,6.87
2994,4.31,72.2,7.76
2506,3.04,86.19,3.11
4665,1.98,65.41,5.68
3609,0.66,51.16,9.82
3553,8.87,15.89,8.98
1453,4.2,5.35,9.53
4833,4.97,44.57,3.86
3356,9.17,4.93,7.87
515,7.76,56.93,6.2
38,1.31,38.27,0.83
3342,5.65,75.72,8.24
886,4.42,30.56,6.77
2844,7.97,59.3,1.99
2204,7.24,53.77,0.8
1098,6.9,0.47,8.37
1823,3.41,7.24,0.79
3201,8.05,29.04,0.91
3155,0.52,88.22,4.27
3093,1.6,14.7,1.35
3530,3.36,71.09,9.14
3778,0.77,97.34,4.7
2896,2.35,79.06,5.69
3453,8.3,24.29,9.28
3511,9.48,90.84,5.3
988,3.05,9.31,3.54
4116,2.65,46.81,7.97
4964,2.8,88.75,4.43
4026,2.78,64.13,3.18
4179,0.36,41.36,7.23
1682,9.27,29.28,8.02
4665,2.14,37.51,7.92
3963,4.2,50.89,9.78
933,0.1,31.9,7.87
3598,8.58,96.9,7.7
3233,7.31,93.31,8.57
1980,9.47,87.07,0.0
1855,7.82,42.18,3.62
3056,3.14,69.13,7.38
792,2.48,90.28,6.0
791,6.98,85.04,1.78
1809,3.64,41.43,3.04
2255,5.66,11.24,3.37
3610,0.06,7.56,5.68
1607,0.62,57.71,8.32
984,5.35,64.26,9.32
3676,5.66,84.98,7.5
3380,7.51,29.25,8.43
519,1.32,16.75,4.7
590,5.13,37.9,3.9
1050,1.94,35.36,3.93
3633,0.93,13.25,6.16
4444,4.1,67.23,1.24
959,1.63,50.87,5.79
692,2.22,72.11,6.65
3899,3.18,35.27,4.39
4473,2.59,32.57,9.53
2946,0.88,47.26,6.08
526,0.9,87.74,2.2
3224,1.93,4.03,4.79
2253,0.51,80.48,6.75
3344,6.26,36.9,3.24
3965,2.87,85.46,0.8
1875,2.8,80.22,5.83
1763,3.32,34.88,9.48
520,6.63,69.39,4.85
1016,8.71,15.96,9.06
116,7.59,89.63,8.35
2433,7.28,40.45,1.47
583,4.84,45.56,7.08
394,6.94,70.58,4.35
3788,5.53,82.08,2.5
2768,2.16,23.63,6.87
4167,2.09,66.14,7.43
3860,2.96,39.2,1.8
273,9.11,36.87,9.14
2013,5.47,69.0,7.51
4433,7.34,38.72,9.33
1389,3.47,34.61,3.17
3566,4.08,83.59,9.39
4702,1.26,10.13,3.69
165,1.71,67.59,0.54
1567,8.27,24.87,7.63
728,5.85,1.55,7.04
2043,3.38,16.68,5.98
4197,8.03,60.67,4.9
3496,2.47,70.91,0.32
778,9.76,2.11,6.25
213,3.45,3.64,4.17
3762,3.37,90.25,5.6
1576,3.12,7.33,4.29
2448,1.22,89.42,9.66
2936,1.11,22.82,6.04
3117,6.48,74.0,7.49
591,8.75,30.97,9.36
2720,7.91,85.88,5.92
713,1.41,70.05,0.12
935,5.46,40.18,0.34
4337,1.06,7.63,7.02
1,0.45,73.27,2.79
2848,6.56,61.69,5.79
4044,5.35,0.29,2.02
1949,0.82,0.94,2.7
917,0.35,80.88,5.05
3174,9.9,25.94,9.76
2241,0.3,63.61,6.16
89,4.45,45.42,9.36
1709,5.05,86.34,9.59
2169,1.17,91.7,2.08
4238,1.69,99.68,3.11
3041,3.52,15.37,7.7
105,7.62,86.3,8.67
886,5.07,26.6,5.19
427,6.38,59.08,9.93
1895,9.85,50.58,0.12
316,7.68,1.8,3.0
634,4.34,93.28,6.23
1925,4.46,7.83,4.69
2056,6.19,68.82,1.17
3144,6.65,78.5,3.68
2270,5.01,79.53,0.25
1439,6.45,13.55,6.43
552,0.24,44.76,8.93
715,4.3,82.94,8.85
3911,2.79,30.27,7.0
1713,1.29,46.77,4.66
3389,1.0,27.28,5.12
1107,6.03,46.36,1.37
4206,5.24,88.78,3.41
250,2.54,45.51,1.88
2430,4.71,55.59,8.21
2054,4.92,40.4,9.15
458,1.95,46.01,5.37
207,6.52,1.52,7.28
899,7.81,28.37,1.21
3461,7.91,43.66,6.09
3385,6.02,63.38,7.03
21,5.12,45.01,4.53
409,0.61,33.78,2.43
894,2.88,38.81,8.77
514,0.93,24.23,7.43
4904,9.64,92.45,9.0
4969,1.35,52.17,8.18
4109,1.52,1.34,9.9
2134,8.9,1.94,1.92
3595,9.44,97.3,0.87
2956,7.66,22.15,3.37
1560,0.05,80.56,1.29
1266,0.01,5.83,5.23
2169,3.78,92.12,6.33
3638,1.43,87.44,5.78
749,0.18,57.11,2.59
3427,4.64,0.9,9.09
4780,9.43,25.78,0.21
1927,3.24,40.68,3.48
3804,6.61,46.01,7.19
3702,6.52,29.77,7.67
2356,2.51,3.29,4.16
4790,6.5,59.01,0.17
2335,2.12,52.42,6.18
306,1.22,28.3,0.63
3665,7.01,3.8,1.08
1989,1.13,99.46,6.5
661,9.97,48.2,3.12
4644,1.83,75.6,3.48
311,5.94,45.23,4.87
2920,4.11,4.32,9.79
1082,1.26,30.96,9.65
2971,0.28,32.01,4.16
754,6.23,83.84,2.65
4130,8.07,65.42,3.03
4540,8.42,27.54,2.69
352,4.83,96.77,5.32
902,7.77,32.15,6.07
3888,6.73,99.82,4.89
158,7.24,99.62,4.08
1977,4.93,19.12,2.11
956,6.33,31.27,4.83
2071,8.06,48.6,3.41
403,3.98,66.41,5.42
4611,8.06,52.8,6.75
2779,5.92,96.94,6.33
1387,1.66,72.4,4.62
3453,0.25,21.2,5.56
955,3.63,10.51,2.85
1712,5.47,68.84,0.24
4703,8.4,15.85,6.25
1273,1.27,78.77,2.53
3811,8.0,31.1,6.69
2625,8.63,32.69,7.47
2382,1.51,1.08,9.16
1441,8.52,70.1,9.58
2979,9.91,11.33,0.11
1797,7.27,77.29,9.9
4390,7.85,49.19,6.83
4009,9.94,78.43,6.44
4850,6.05,58.39,0.15
1394,3.08,8.24,8.61
4281,8.38,76.57,1.45
1269,6.14,6.98,8.37
4732,5.81,47.87,0.16
3714,2.54,17.23,6.46
529,7.56,75.23,4.35
3623,0.82,91.16,2.01
2958,9.24,55.41,1.08
2914,3.26,52.71,4.4
4889,1.28,76.4,1.23
3591,4.42,0.51,4.86
2147,0.42,91.78,6.25
4573,6.85,19.74,8.27
3369,9.03,98.41,6.79
939,8.37,73.63,0.65
525,1.27,77.43,3.07
1,1.26,65.62,2.88
374,8.13,47.17,9.15
2340,9.24,57.16,8.68
4005,4.61,4.64,3.7
3052,4.99,62.4,0.71
4648,3.18,62.61,8.94
2365,8.94,89.12,8.88
1525,6.45,50.57,8.55
4476,2.88,7.71,8.45
1646,2.99,30.62,4.8
13,8.91,65.56,1.77
4599,0.14,23.93,4.77
2278,3.23,28.05,4.95
3155,5.54,82.05,4.9
129,1.48,58.43,5.39
3814,0.92,50.85,2.58
4933,8.15,31.85,3.66
3216,8.94,73.09,4.34
2938,8.24,28.77,1.31
3928,8.99,73.71,4.55
2040,5.53,7.01,8.1
27,8.12,86.45,8.28
2113,3.84,49.96,4.12
1252,6.66,43.85,5.19
4356,9.89,61.1,0.34
2046,2.26,62.42,6.74
4555,3.9,13.2,4.05
4023,4.8,75.62,4.45
4396,1.38,27.59,8.74
3374,0.81,90.5,4.62
3466,8.3,81.79,0.21
3081,9.77,34.63,2.27
3778,4.05,80.77,4.76
629,0.88,35.64,4.24
269,0.66,10.09,8.6
2639,8.91,96.19,5.42
1993,4.64,65.26,6.9
2891,3.2,45.61,4.69
4957,4.76,39.78,4.4
3432,3.18,32.47,4.46
1280,4.89,98.14,4.11
2360,8.6,13.47,5.39
575,5.92,31.48,2.5
1307,6.95,48.55,8.91
3192,3.65,47.8,3.33
3178,7.39,47.14,1.48
2734,6.67,17.58,0.97
2212,1.2,14.49,0.13
2352,5.73,25.48,4.23
3568,2.57,91.45,1.88
1655,8.04,11.31,0.22
1579,4.26,75.74,5.2
2203,9.95,75.75,6.8
1390,0.93,80.98,0.86
1742,7.8,88.66,4.61
1925,6.74,26.3,7.44
619,7.67,22.46,9.86
1274,3.08,46.55,6.67
956,4.92,26.51,2.45
1939,7.97,73.43,7.17
3953,2.33,63.59,5.98
2381,2.26,87.5,2.12
968,5.51,8.27,8.51
1316,5.24,91.51,4.27
1043,2.82,29.33,9.62
281,2.98,49.07,7.23
2844,2.78,43.86,6.45
1058,7.72,76.03,7.28
4293,6.52,42.03,4.78
2532,8.32,94.36,5.05
3828,9.75,90.25,8.51
1008,4.74,87.22,6.81
1229,0.67,7.13,8.97
1035,0.48,85.43,8.91
4585,2.96,78.16,9.76
275,9.33,10.35,7.0
2740,5.23,10.74,5.02
2289,2.72,10.12,1.66
1239,3.99,1.13,7.05
125,5.99,54.86,2.92
4065,6.53,97.34,2.83
4312,1.54,43.87,2.38
3868,9.77,54.08,8.75
1208,5.45,96.8,8.68
3249,1.36,25.52,6.31
918,8.94,85.85,4.73
3923,0.75,54.64,6.72
4403,9.08,56.95,6.07
1969,9.97,34.32,4.16
2793,7.0,56.16,3.8
891,7.7,7.31,3.83
4470,3.37,76.46,5.89
2033,9.42,28.47,6.48
1364,5.3,88.76,4.52
128,7.32,36.79,9.69
1014,9.24,14.28,0.84
1799,9.75,69.59,3.47
4612,8.33,16.46,4.19
1518,3.03,75.37,0.17
4181,9.67,96.81,3.65
1198,6.28,77.96,2.74
3873,9.31,2.24,5.06
2474,6.76,59.99,3.36
3485,3.07,69.54,7.26
4049,3.7,82.55,5.1
3719,5.5,5.6,1.3
302,7.9,48.01,7.5
3952,3.18,53.54,0.99
4683,5.8,16.91,8.39
986,3.46,32.24,9.31
1863,8.16,44.02,3.22
4440,4.67,83.32,9.26
4909,0.77,92.94,7.93
3072,1.66,62.84,9.22
3124,0.61,39.49,6.66
1327,4.99,25.4,2.36
2408,1.06,98.21,8.95
3673,1.14,98.3,1.84
3291,9.41,92.5,2.13
4033,8.73,78.57,2.71
703,4.52,32.58,3.04
574,9.86,81.7,5.14
3232,0.0,40.88,7.13
4783,6.14,32.68,9.26
2632,6.16,74.49,0.88
3828,4.57,7.97,9.54
3230,3.97,4.86,9.21
488,4.55,44.8,0.54
1347,4.15,44.56,3.6
3681,7.3,89.56,8.13
3173,1.35,12.62,6.12
4589,1.98,12.33,7.79
1667,1.81,14.75,7.19
1637,2.62,2.97,4.97
4114,5.25,7.17,0.41
3553,1.11,65.99,5.84
1000,8.68,43.16,0.49
850,2.97,76.36,6.04
1388,1.63,99.26,8.0
3712,6.76,65.9,5.85
1367,0.38,5.05,9.97
821,6.2,10.46,4.56
454,6.98,88.1,7.49
1624,2.15,52.75,6.67
2772,0.42,82.48,9.91
3726,3.64,85.66,7.13
3147,0.99,92.77,1.64
4089,1.16,94.98,9.56
4806,2.54,55.48,6.68
2190,2.95,34.1,0.59
916,5.3,96.19,6.58
3986,6.78,54.74,8.83
2875,5.93,6.43,5.77
1440,1.48,64.28,3.54
4400,1.72,58.77,8.21
735,8.79,89.58,7.83
3568,5.58,65.32,5.44
3338,8.7,34.91,1.54
3015,3.72,96.62,2.51
2889,6.14,80.16,7.38
961,5.24,63.04,8.06
2989,3.19,29.29,2.79
3848,4.7,37.35,3.68
1026,5.02,67.0,0.78
3865,2.01,7.2,7.13
2863,3.15,25.67,0.04
2501,7.91,71.39,0.47
1947,9.16,48.0,0.04
1177,3.6,40.24,6.45
4760,3.07,15.15,4.17
11,1.95,44.18,2.98
4399,6.78,77.07,9.13
3364,3.23,26.4,1.93
3022,9.88,0.54,3.89
3371,3.26,66.85,9.4
2830,3.94,97.26,4.27
42,6.03,60.68,5.55
943,8.02,11.99,0.8
2390,4.7,32.07,7.9
2545,4.23,86.76,4.23
2411,9.96,23.26,8.01
4986,0.1,60.77,2.54
1004,8.95,40.27,4.22
20,1.49,20.78,7.87
406,7.86,81.34,9.74
1014,6.18,74.28,0.6
4431,3.42,66.16,8.12
1838,8.74,23.63,3.01
3188,0.13,9.79,5.51
714,2.27,57.62,2.9
4146,5.67,55.37,6.13
3854,3.52,18.84,3.54
4419,6.1,5.62,3.34
4884,0.24,8.07,0.38
140,1.16,99.28,1.47
4565,1.27,78.36,9.17
4882,1.89,92.2,9.98
963,4.59,19.51,7.81
372,7.52,96.06,2.87
3635,9.06,14.27,4.02
2541,8.35,50.91,7.4
3610,1.97,82.97,9.69
1692,4.41,34.98,4.55
105,1.99,42.48,8.3
1681,2.64,12.82,9.75
4097,5.04,12.29,8.73
4016,0.68,61.96,2.27
2636,2.18,67.55,0.08
2137,9.35,77.73,4.92
3416,4.66,55.67,5.31
4445,4.45,64.58,2.01
3530,0.15,1.35,2.85
1286,2.47,16.22,7.65
3179,8.66,98.49,4.7
3654,1.65,7.6,3.17
2359,4.15,67.88,6.23
444,0.14,17.61,6.53
35,4.78,71.67,7.69
1475,0.21,70.6,1.57
3957,8.2,23.42,7.42
1798,8.25,26.96,5.99
1845,7.88,65.48,0.58
1408,2.83,39.01,7.77
1708,8.37,19.45,3.83
2938,5.43,73.17,3.3
1300,3.74,15.41,4.48
1243,6.25,85.56,3.46
3976,0.12,51.47,3.38
3097,1.43,10.57,8.08
4616,7.42,69.41,1.25
9,2.44,51.92,9.71
2425,5.98,29.81,5.55
1660,3.85,42.25,1.83
2631,8.55,29.83,1.31
4815,9.52,26.3,5.92
1072,8.84,16.36,6.33
3225,2.71,36.28,0.53
4954,1.94,25.1,2.43
1316,4.74,68.34,7.95
4145,0.07,68.39,0.5
3683,0.26,50.18,8.55
3273,5.53,77.79,6.58
145,5.2,84.13,4.34
3040,9.95,57.98,3.46
1462,2.02,61.89,0.19
4676,2.58,28.29,8.25
1584,1.14,89.49,1.43
482,9.18,2.42,3.1
3179,7.78,34.86,5.69
1249,8.22,72.18,2.46
4768,9.03,8.01,4.97
630,5.25,18.32,8.09
661,4.51,58.93,4.71
3503,3.3,56.0,9.49
2852,5.89,73.89,8.48
2466,4.54,81.26,3.33
987,4.52,12.86,4.0
1546,9.37,1.84,4.23
649,9.84,68.96,6.26
968,7.96,30.14,2.87
2637,7.57,62.6,9.69
1100,6.81,15.05,6.09
440,1.66,46.9,3.99
769,0.59,50.44,6.45
1343,6.91,58.51,3.95
4358,7.29,51.32,8.18
3729,0.47,49.57,5.68
3906,9.28,33.27,0.42
1577,0.91,7.12,1.77
4008,2.86,8.95,8.65
3351,6.72,43.38,5.63
4795,1.7,35.58,9.5
2349,0.55,51.61,0.72
3602,3.31,30.48,2.95
1241,7.66,68.79,1.94
1125,4.14,86.4,5.54
2601,6.53,29.89,3.83
1190,5.8,19.3,1.57
4131,0.22,11.62,6.43
4839,9.89,61.63,5.36
4448,0.41,44.39,2.75
72,9.68,18.8,4.8
1914,5.5,65.31,7.46
2472,9.63,14.85,2.05
3046,1.15,55.43,2.93
707,4.9,52.71,3.46
1804,1.7,73.42,7.47
3713,0.51,5.51,8.47
2564,6.18,88.79,3.76
2475,2.08,70.3,2.97
3610,5.88,21.61,8.89
4255,1.12,18.34,9.99
2823,3.32,43.17,6.7
1735,7.82,81.76,9.9
1585,4.37,84.29,6.6
66,6.28,52.05,7.33
3061,6.47,86.08,3.89
2428,8.44,0.54,4.33
4153,3.25,3.52,1.44
341,6.87,91.18,8.23
2774,9.62,77.53,9.31
2817,7.3,45.07,6.23
2661,4.9,75.36,3.44
1232,6.31,95.56,1.54
3874,7.4,77.21,2.65
2401,6.12,84.24,2.55
1494,0.17,76.06,6.14
4211,1.95,16.82,9.45
661,8.1,83.36,0.48
3883,2.73,19.51,0.01
3619,7.32,89.26,6.0
1868,3.72,45.86,2.84
2334,5.22,67.7,8.81
3374,0.68,49.72,3.27
1016,1.81,9.4,2.9
4406,9.57,29.07,2.7
207,8.9,98.37,1.45
2665,6.52,96.07,5.82
2493,4.6,32.05,1.68
632,6.76,99.63,4.25
2102,6.19,84.56,4.61
2959,5.69,61.1,0.2
3083,0.59,4.01,0.17
4752,6.33,90.14,5.2
1931,7.69,55.74,6.96
3719,9.94,86.85,9.42
2562,0.11,83.44,1.79
1679,7.3,83.3,1.03
236,5.72,69.82,0.52
4443,4.34,29.14,4.36
4725,1.28,33.62,6.23
1540,4.09,30.85,8.41
3943,3.54,2.0,6.83
363,3.03,58.26,2.08
2368,7.31,69.88,4.62
285,7.01,85.39,9.1
148,5.89,14.02,3.27
4037,9.39,54.42,4.99
4551,3.5,0.8,9.59
1766,2.44,9.51,7.35
4895,6.56,5.42,7.48
1012,1.99,72.55,2.52
2831,3.15,8.11,4.15
2507,2.25,71.65,0.82
1523,0.69,24.96,6.07
2785,8.27,87.77,1.04
2556,2.55,81.31,8.36
3725,4.73,95.78,8.15
4576,0.43,88.38,5.34
1601,6.99,93.33,1.41
2408,3.31,85.87,0.26
340,7.45,69.34,7.97
2817,4.12,17.03,6.0
2496,1.96,27.17,7.11
4930,5.13,21.27,3.04
1725,1.31,60.36,5.09
1689,4.41,50.36,7.47
3267,3.17,86.71,4.63
4406,9.12,95.27,6.01
261,0.61,40.49,7.9
1442,6.94,50.64,2.15
405,1.83,97.15,0.66
2190,3.19,27.62,5.32
4437,4.16,79.24,0.62
243,9.08,22.52,7.67
4585,2.43,68.15,7.19
4107,0.91,25.36,8.82
560,3.19,88.37,6.4
4137,1.05,56.15,0.67
2725,1.29,18.59,2.53
593,5.74,22.44,8.08
1826,0.61,49.38,1.67
3229,0.31,96.16,6.98
3287,7.14,76.96,7.8
4073,3.62,48.83,3.3
133,1.25,33.77,3.22
3138,2.54,54.93,5.58
3919,6.42,74.84,8.61
72,2.76,78.39,2.24
4494,4.95,32.46,9.41
4225,1.22,72.12,5.99
2978,5.88,65.78,9.92
4361,3.16,95.91,0.9
1985,6.27,93.11,1.27
792,8.08,78.94,8.27
4259,6.12,72.34,8.65
94,2.96,27.4,4.45
1133,2.56,84.6,7.14
4917,3.27,42.75,8.68
237,1.65,27.22,0.43
2946,1.81,38.42,5.74
2530,7.91,83.59,8.53
1960,3.85,14.86,3.98
1048,4.36,45.62,3.02
2529,5.94,49.24,7.96
2964,5.9,3.66,3.36
963,0.67,19.57,0.03
536,8.32,82.67,9.6
4223,1.77,83.08,5.92
3679,7.23,29.24,8.2
4187,7.73,87.49,8.25
3724,7.15,77.18,0.66
542,5.79,41.79,1.71
845,0.15,74.84,3.11
3603,3.6,96.13,3.21
3036,6.05,45.9,6.59
2494,3.87,23.84,6.23
4485,8.63,94.18,4.95
2719,3.09,60.37,2.11
1884,2.94,10.53,3.82
4138,2.66,57.27,5.44
4349,3.33,50.06,4.68
3201,5.57,85.56,1.27
2710,7.07,53.07,6.5
1953,6.63,25.52,0.73
4737,8.08,67.56,3.78
3850,8.86,54.26,7.1
689,8.16,23.3,0.2
1950,0.19,57.36,5.7
456,7.36,82.15,3.35
2130,2.08,2.86,0.09
3976,1.33,63.09,1.9
4244,6.38,34.96,9.41
1179,3.2,29.27,5.21
4285,0.57,39.26,9.97
3565,1.38,34.2,5.25
882,0.01,83.22,5.44
399,9.03,27.48,3.92
608,0.25,73.32,3.1
1638,2.09,9.41,2.52
2148,4.16,95.14,3.43
1382,3.57,62.23,4.6
1403,9.12,70.67,1.92
819,0.4,29.8,2.25
3292,5.12,41.21,2.72
819,6.8,22.38,4.49
419,9.32,93.25,6.53
4219,6.2,48.81,8.56
4517,8.04,63.04,2.87
3302,0.84,73.43,1.84
1508,3.86,37.11,3.79
767,3.74,72.01,8.94
2044,8.86,67.6,0.1
2139,1.51,70.57,6.78
3029,1.52,48.92,4.77
1549,3.29,38.29,1.61
1764,0.54,22.21,3.21
2645,1.82,82.46,2.25
3716,9.65,60.84,8.78
4605,4.28,44.44,4.82
4481,6.32,94.4,5.63
2293,7.26,4.78,5.94
4837,3.67,85.02,6.4
2708,1.47,99.76,4.96
900,2.07,88.69,0.18
3084,3.13,81.04,3.35
2009,6.36,37.43,1.84
241,3.98,23.13,6.8
2385,0.07,73.49,0.57
4268,5.23,30.46,5.64
671,9.22,17.6,2.11
163,8.12,78.65,9.49
464,8.25,31.25,3.36
3042,7.95,91.44,3.25
4592,3.24,84.06,9.23
4795,7.65,84.76,4.17
2442,1.43,77.16,9.63
4798,6.58,88.09,0.24
2355,6.42,80.57,3.06
4278,0.26,60.25,6.66
4724,7.88,29.58,8.91
2557,9.03,88.82,2.56
545,2.67,84.06,9.3
4719,8.12,47.29,5.94
3835,0.82,3.91,8.01
593,6.0,63.85,3.97
4839,4.86,5.06,2.12
3804,5.46,92.63,9.11
1459,9.26,96.16,9.33
3493,8.71,18.95,4.98
2601,7.85,67.64,0.06
2444,2.74,9.23,1.1
2672,9.12,72.95,5.73
4200,0.98,34.73,0.24
16,8.53,68.11,3.97
3191,3.28,37.29,3.03
392,0.54,14.56,7.14
424,6.69,40.61,0.56
571,2.31,11.27,4.89
3631,2.44,57.69,5.79
1120,3.06,4.1,6.17
241,0.64,52.73,4.05
3897,1.77,88.64,3.04
4095,0.05,83.79,6.82
2279,4.45,88.28,8.48
788,0.84,92.2,6.94
714,6.83,10.45,9.32
4854,2.36,12.87,7.17
2849,9.44,55.7,7.65
775,8.71,89.4,1.68
4026,2.89,97.43,4.2
2247,7.83,4.63,4.85
78,8.03,35.58,2.56
3926,9.87,21.29,5.29
855,5.98,75.6,2.91
2148,0.82,64.02,6.88
1031,6.47,11.99,4.7
4940,6.25,48.35,4.59
3271,6.38,68.54,9.84
3576,3.07,77.9,3.92
4182,8.6,2.01,3.62
3456,9.59,89.05,3.19
3506,2.18,56.93,8.95
407,0.88,81.19,4.97
2711,1.95,80.79,6.0
3088,8.21,18.99,1.81
1668,6.77,11.02,5.41
147,6.36,72.13,2.75
4327,4.02,15.64,7.31
3897,5.78,84.99,8.33
1950,3.08,72.62,7.15
365,4.77,84.18,7.3
1674,7.93,29.9,5.12
4531,9.81,31.66,7.12
4494,9.32,67.12,4.23
2546,9.34,3.14,6.51
562,4.02,72.65,2.59
3562,4.69,83.58,0.7
2489,7.06,41.52,4.13
772,9.22,76.49,4.62
2037,1.42,17.46,2.56
3423,3.04,32.23,7.28
2567,1.39,97.43,0.74
1573,6.12,98.63,2.23
3694,3.06,51.26,7.49
3291,3.26,93.43,4.37
1246,0.71,52.27,7.05
3719,3.5,29.16,5.67
3839,8.62,26.69,9.51
359,2.33,92.95,5.98
2376,6.95,17.24,0.15
3009,6.3,57.96,3.53
2993,8.63,55.55,1.43
962,1.32,73.96,9.25
3632,9.78,49.92,1.04
1827,5.83,27.23,3.88
1613,9.95,16.94,2.26
1640,9.12,62.08,8.47
2216,2.22,71.9,3.09
4312,0.56,56.95,9.92
377,2.56,73.84,0.39
4214,5.28,14.15,1.28
4285,1.72,88.25,2.25
369,1.67,58.24,8.11
2196,4.63,12.68,8.79
3747,0.33,46.19,0.71
651,1.22,84.48,0.32
769,4.16,89.76,7.45
2421,0.63,26.46,1.33
780,3.97,71.13,1.33
1716,4.74,10.0,0.22
3983,4.51,3.35,0.5
1311,8.69,56.04,2.64
3359,5.3,69.48,0.65
522,4.68,79.58,3.69
521,4.11,34.02,8.33
4878,8.18,0.65,3.26
2320,8.95,47.95,7.28
935,8.53,1.59,0.94
2230,6.74,9.2,6.59
4040,1.37,32.67,3.17
4583,2.77,43.72,7.5
4941,0.46,27.95,1.36
3697,9.31,58.19,8.98
2837,6.61,5.53,2.43
4083,7.46,14.46,3.53
2461,3.12,69.53,9.5
3243,8.46,14.21,5.78
3359,2.6,63.98,3.66
685,0.02,5.47,9.5
2160,3.76,40.74,3.29
3988,5.71,17.74,0.95
4066,4.79,10.96,9.97
1567,8.62,56.7,2.68
38,1.05,92.83,8.51
2544,5.54,5.48,1.66
4875,5.13,42.16,7.31
1256,2.81,70.75,5.24
2990,8.22,46.27,9.81
2196,7.53,80.65,5.53
3468,7.33,17.96,0.25
2708,8.76,95.96,6.04
301,7.23,38.52,1.45
646,2.32,34.16,7.99
4758,7.06,87.46,8.57
1759,3.08,56.39,4.82
4351,2.42,51.64,7.83
597,0.73,72.7,1.45
661,7.44,57.98,4.92
4330,7.11,16.25,3.94
1368,2.34,67.42,6.11
2581,7.49,13.35,0.44
3868,9.18,80.59,7.52
3537,1.08,98.97,0.79
4865,2.33,37.74,6.56
4308,7.5,44.48,0.18
4558,2.75,4.64,8.32
282,6.25,1.37,1.75
3678,0.81,92.14,5.15
1486,4.52,12.86,2.61
4082,7.39,44.58,7.23
4183,6.87,81.54,3.21
460,8.15,88.93,7.25
2325,8.77,51.94,2.85
3754,7.73,56.5,7.52
2468,6.72,66.97,0.31
1724,0.32,96.14,2.83
1376,5.35,60.27,4.99
2743,0.38,55.95,0.45
514,8.08,1.45,1.86
702,3.21,8.09,9.35
1653,5.62,57.72,9.77
2066,2.79,93.62,7.4
22,7.83,86.67,2.52
2460,8.87,98.26,2.61
1304,3.99,52.78,6.46
3300,8.63,78.79,1.18
361,2.67,84.04,9.48
3727,5.35,64.8,2.25
1284,8.59,33.87,10.0
514,3.26,47.0,4.96
448,9.54,85.79,7.71
1855,1.22,29.85,0.02
4969,0.18,92.37,8.89
3562,9.04,22.98,2.7
2520,0.69,74.95,6.68
3081,9.92,63.06,8.06
1428,9.51,74.96,1.64
3967,1.37,43.73,4.43
922,5.38,93.26,4.94
3137,1.85,63.25,3.12
2159,4.28,28.83,4.82
2547,0.61,63.85,3.18
2979,2.24,28.68,3.61
2281,3.63,29.36,6.69
2649,4.39,39.96,6.33
313,9.77,85.24,2.32
2613,8.08,50.03,8.97
3083,7.37,67.89,8.63
2256,5.37,39.2,5.09
1037,8.4,26.36,4.33
3489,3.39,95.46,3.77
2634,7.09,60.36,7.07
3983,9.94,93.4,6.72
1778,3.15,20.34,1.96
3895,6.74,14.69,6.71
1124,8.44,85.58,2.52
697,9.16,68.09,0.19
2179,7.18,18.66,6.99
1404,2.84,26.94,6.45
1043,3.26,80.07,4.11
1929,0.21,45.39,5.26
1013,7.61,67.05,9.47
226,0.43,31.84,5.95
1828,8.65,38.12,6.58
4917,1.19,99.07,0.64
2023,1.72,24.76,1.66
4966,4.77,50.65,3.01
2452,7.38,84.44,5.39
2085,1.39,23.92,7.77
4283,4.4,41.52,3.21
1080,4.83,61.51,3.56
2320,2.12,48.12,2.56
3190,1.16,45.95,2.55
2630,8.36,36.25,9.49
2563,5.02,58.66,6.35
3292,0.14,62.44,1.56
4621,8.03,65.33,7.22
3586,9.81,7.04,7.22
4431,6.06,63.1,6.66
2947,5.04,95.32,1.35
3959,8.78,54.1,4.08
2813,9.53,71.53,1.07
2583,7.55,55.67,8.17
161,4.45,85.47,6.55
593,5.92,92.96,5.07
3259,7.01,18.42,3.43
4155,1.94,43.69,1.84
2962,4.47,39.24,1.06
3888,8.3,40.52,9.69
3390,6.55,12.55,2.0
4501,4.11,81.36,0.6
663,6.63,3.58,9.62
1132,1.18,52.82,5.49
541,4.01,66.19,7.97
2974,7.93,20.75,0.44
867,2.21,90.59,5.67
2066,1.86,83.85,3.98
431,9.51,47.11,7.72
4835,2.1,41.11,0.38
4278,2.61,23.66,4.02
1206,9.7,73.0,7.99
2528,7.35,13.17,5.23
1169,7.0,68.02,5.5
830,8.53,84.25,0.97
1651,1.16,22.85,1.32
1136,7.06,86.64,6.77
2810,5.04,3.33,6.75
475,8.29,91.28,9.79
2810,5.08,11.84,7.12
1326,6.2,64.58,4.93
1019,4.78,25.01,8.57
1836,4.78,83.66,1.04
4256,7.68,51.23,4.49
2448,6.29,13.52,2.87
4293,6.33,57.1,1.05
1283,4.5,40.79,7.64
659,5.31,66.14,5.11
2010,7.46,88.19,5.57
398,8.26,40.94,4.11
1733,6.97,28.99,4.6
2125,9.24,1.45,1.16
2171,8.2,57.48,6.73
74,5.62,40.23,4.32
4697,6.71,37.46,8.17
3471,9.26,18.29,1.96
836,6.19,43.01,2.05
499,8.25,98.44,6.46
137,6.89,29.78,8.46
2097,5.52,59.97,4.72
3696,2.42,77.65,7.27
1885,4.26,74.92,9.99
2757,9.68,32.88,9.9
3920,6.58,61.09,7.44
1900,5.64,87.13,7.4
2610,9.33,1.54,2.48
3986,5.87,43.57,8.34
1449,5.26,22.43,4.05
546,7.59,38.86,9.62
4676,7.13,41.6,0.81
2003,1.93,74.67,4.36
2096,4.71,9.38,5.56
703,4.73,51.26,4.05
2403,3.78,56.42,2.11
1625,5.17,49.42,5.93
3331,4.13,73.19,7.56
4733,1.99,38.38,6.45
2978,4.12,94.5,2.34
4736,0.72,48.18,7.32
2839,5.76,57.12,2.57
3384,8.54,82.55,1.75
2659,7.25,27.52,6.91
1861,3.6,7.52,8.43
2856,0.87,70.78,4.82
685,2.02,48.3,5.31
4283,5.45,89.65,3.03
1619,2.07,98.27,4.95
4643,5.44,39.91,1.32
1431,2.32,41.54,9.56
875,8.49,40.8,8.0
4713,3.97,32.46,6.68
2461,2.46,78.17,5.38
1365,8.12,75.9,7.92
1243,3.43,47.86,4.95
4998,1.11,4.47,3.0
162,5.7,30.96,1.6
1974,5.82,29.23,6.48
3291,7.15,81.11,9.29
269,2.4,8.76,1.54
631,4.44,80.57,1.8
905,2.82,66.92,4.34
3471,0.81,73.24,8.07
3253,8.77,43.22,2.94
2014,7.29,67.97,2.54
1641,3.01,60.9,6.2
204,5.99,76.9,5.36
581,2.01,44.68,0.6
840,8.9,47.28,0.81
1719,1.15,64.36,6.43
2643,0.04,10.81,4.65
2297,5.02,43.62,9.71
874,5.83,97.2,6.79
689,5.79,3.76,0.1
4000,0.55,31.6,4.81
3141,3.14,31.41,4.14
1422,4.99,63.35,1.07
671,2.17,10.58,9.23
1171,8.73,62.85,8.05
3726,0.87,9.5,2.3
943,4.87,9.5,2.56
1449,6.91,72.82,0.32
3737,2.62,32.41,2.97
2539,6.24,97.74,5.85
3959,8.29,3.74,4.21
4991,1.9,44.51,9.69
4260,9.17,11.31,0.56
2361,5.54,35.14,5.91
3652,2.99,99.82,8.58
3670,4.31,88.88,4.81
1753,3.12,4.83,0.03
2352,7.25,56.33,2.43
1938,7.96,64.78,3.24
370,8.33,20.95,9.66
4948,9.86,14.51,9.12
4479,7.91,90.44,9.49
1931,6.01,96.88,8.26
424,3.39,99.19,3.52
4724,5.45,78.98,9.06
894,0.41,66.35,9.82
597,7.45,34.57,3.5
3062,4.46,17.14,2.61
2336,0.2,7.9,5.47
4688,0.63,69.33,1.87
1687,3.87,78.47,0.33
572,5.83,82.65,9.46
2090,4.64,91.38,9.26
3669,6.19,87.99,1.63
4272,4.8,99.97,4.08
4624,6.62,24.41,8.31
1633,2.19,76.33,6.61
1517,1.13,58.65,3.95
4293,5.96,26.12,7.44
2657,4.85,98.19,8.97
3648,0.27,89.79,9.26
4948,3.8,12.85,3.79
3588,1.06,2.62,1.74
1537,5.31,68.83,9.13
3137,3.96,60.41,0.93
97,6.13,93.58,7.22
3215,8.06,23.4,1.4
4530,3.0,8.44,3.89
4732,9.62,25.92,4.12
3750,5.36,1.89,1.59
3157,6.18,3.59,9.23
4683,6.81,91.49,0.03
343,6.67,35.2,8.94
4666,5.11,41.08,8.84
610,4.29,1.84,3.17
1727,0.54,27.05,7.04
2290,0.22,80.47,2.53
1854,3.58,61.55,7.59
2608,3.34,75.38,5.61
2079,3.88,44.72,3.0
2324,1.38,30.97,4.0
4627,7.38,48.28,6.9
1177,8.57,32.31,9.06
1091,9.39,83.9,1.31
4979,4.92,29.77,5.71
2791,7.01,65.98,2.54
1749,8.56,13.7,8.01
2675,4.18,68.69,0.7
781,3.09,91.33,6.89
3048,9.37,60.86,1.75
2105,5.16,55.99,5.96
3867,4.97,96.11,8.36
4976,1.78,62.74,7.55
4542,1.08,25.96,7.53
2113,8.42,29.24,5.18
3970,6.14,70.53,8.91
1991,3.26,73.54,5.88
1067,1.92,30.35,9.18
1577,5.55,34.53,5.47
1011,5.84,99.11,5.06
2274,2.07,10.2,2.22
4869,8.51,40.46,5.45
1814,0.84,6.24,1.41
2426,3.56,82.11,8.7
4402,6.8,9.23,6.76
4874,2.74,67.4,9.94
2551,8.28,5.65,0.92
3657,7.4,67.29,2.41
7,7.89,84.3,8.77
2555,1.19,39.88,3.95
475,1.41,52.21,4.66
2211,2.86,40.15,8.61
484,5.18,30.05,5.22
5000,7.48,80.33,1.93
4654,8.37,27.2,8.92
2285,7.04,72.29,0.31
4563,9.29,20.62,8.95
3525,7.39,24.99,0.51
3339,3.06,33.65,6.66
2822,2.65,58.92,0.72
4943,6.96,45.44,7.06
2924,1.93,74.51,0.34
258,0.93,21.36,8.42
282,5.32,1.07,4.66
1898,8.22,77.66,0.93
4135,1.01,82.16,7.07
2976,7.92,5.95,4.89
2267,8.12,61.09,1.91
3200,4.82,37.82,0.16
612,0.57,79.39,4.18
687,1.75,87.44,0.86
3690,7.07,85.1,0.94
612,7.12,77.72,2.67
2307,8.98,26.91,6.3
3013,5.83,81.19,5.3
1781,1.24,53.35,0.69
2591,1.21,5.28,9.68
2696,7.21,45.69,8.87
3958,1.84,94.22,2.59
574,3.28,88.79,1.22
1910,4.87,10.23,9.42
3604,0.25,74.41,4.61
669,2.49,80.58,3.11
4364,4.08,27.14,4.9
1283,2.8,47.16,7.73
923,1.36,71.1,1.68
1125,7.28,43.9,7.67
1529,8.13,11.28,7.49
1594,2.57,70.59,5.39
246,7.74,91.16,8.66
3711,3.86,65.25,1.32
1560,5.07,77.38,5.95
2400,8.56,35.84,4.49
2243,7.5,18.32,4.22
3864,8.05,64.28,2.53
1939,1.37,32.78,3.72
3069,0.7,86.01,1.08
226,8.93,12.26,2.52
3547,3.88,43.35,2.72
264,2.88,39.67,7.21
1395,7.25,93.81,0.49
3557,8.36,15.31,6.51
645,8.62,0.98,2.21
2990,3.16,23.81,0.82
1899,8.52,82.03,3.01
2504,0.41,20.93,2.24
2772,0.5,24.09,5.52
1154,6.24,12.99,3.57
587,0.63,71.54,9.66
4571,3.25,6.92,9.64
1821,6.73,33.12,4.44
985,3.37,28.25,7.95
4079,1.8,55.52,0.13
3348,2.81,73.04,5.48
3831,4.58,53.29,7.43
1241,4.75,93.1,2.17
189,7.83,95.14,0.61
980,7.5,36.15,1.56
1698,4.57,77.77,4.42
1715,8.46,73.88,5.06
2593,1.14,89.3,3.81
4136,2.55,44.79,4.4
4433,8.28,53.05,4.7
1098,3.78,41.58,7.69
2326,9.81,85.04,1.05
3247,4.66,22.97,7.69
895,7.92,23.97,6.89
1674,4.02,37.26,7.42
2909,4.25,23.03,7.34
930,3.83,56.1,4.71
4384,7.19,13.45,2.11
723,5.48,32.02,5.37
2940,9.44,91.34,9.58
1089,2.51,40.92,5.89
4578,1.01,74.82,0.11
935,3.93,11.35,0.6
2295,6.17,24.76,9.93
155,8.61,80.73,0.72
1070,3.46,76.3,0.46
1958,6.54,38.62,3.53
2501,3.5,95.44,9.69
4219,6.17,91.06,3.19
3830,8.85,96.23,4.1
854,2.31,42.79,6.34
639,4.04,19.75,0.24
2238,9.93,62.67,8.98
1602,8.69,68.48,5.19
441,5.65,12.54,4.67
4628,5.17,78.65,8.61
1336,2.85,1.81,9.53
3700,5.17,48.27,4.23
948,8.48,33.1,1.72
3373,6.85,74.03,8.16
459,2.9,31.28,4.03
4646,2.01,82.68,9.36
392,2.65,59.5,9.5
3938,1.7,79.39,1.15
1787,0.96,98.93,9.57
4940,4.19,67.92,3.68
2257,1.13,98.5,6.46
1138,1.72,2.88,0.35
3808,5.47,33.81,8.89
4741,1.65,10.79,6.42
2454,0.64,26.23,6.44
1466,3.17,83.89,9.02
3674,2.2,3.23,5.08
1377,5.15,52.02,4.11
2597,1.02,56.71,8.66
141,7.52,56.12,7.42
2659,9.06,47.53,9.49
4596,7.43,79.06,9.4
839,5.33,13.35,3.82
3618,8.61,31.06,4.47
3917,6.95,61.57,2.56
595,0.11,69.1,6.61
1904,3.94,40.41,3.65
280,8.51,87.54,7.86
423,3.46,41.55,1.22
4365,0.35,40.28,1.16
4249,7.46,3.62,2.04
1750,8.02,55.11,0.84
4757,1.61,70.87,6.2
1967,5.37,11.44,1.47
4088,1.92,30.54,1.6
4178,7.19,78.13,0.14
2946,2.72,36.59,7.82
1449,3.16,24.16,8.12
2331,8.45,67.22,1.62
2220,4.76,19.68,7.4
3789,6.7,89.57,4.34
2810,4.02,10.56,2.4
4728,2.98,70.65,6.21
1531,6.25,49.95,1.78
4882,1.55,86.99,7.57
2990,3.73,12.62,0.48
4493,2.09,67.79,9.59
1143,6.96,57.21,0.72
933,9.44,48.01,5.79
1460,9.96,49.14,9.02
2723,4.5,72.2,0.12
2512,2.53,93.77,4.99
285,4.43,9.13,3.5
264,8.47,1.95,5.8
2367,2.06,80.57,2.25
3447,9.52,10.82,0.65
4916,3.42,98.67,6.26
1762,9.86,61.93,4.17
3048,8.39,65.09,6.22
2381,8.09,19.89,2.11
2269,3.18,24.03,3.39
40,0.09,65.94,5.62
67,3.82,90.97,5.93
987,3.02,98.24,3.72
4008,0.37,19.8,2.8
3198,5.05,13.41,2.74
4790,4.03,5.64,1.75
2524,6.35,86.83,3.25
1085,6.21,29.47,1.99
2479,1.21,0.18,6.34
1693,9.77,22.38,5.69
2315,1.87,34.04,3.83
778,4.45,99.1,3.26
4589,4.88,52.35,2.38
1585,8.13,20.47,5.35
1492,0.99,33.48,9.19
660,4.29,33.03,6.86
1348,6.29,1.97,7.44
1299,2.15,13.52,8.34
3940,6.27,69.52,3.52
1986,9.24,12.03,0.63
2044,9.98,23.07,6.23
3516,0.32,35.07,1.89
1058,2.36,75.77,5.69
976,3.1,58.24,7.4
4577,3.99,68.9,7.84
727,2.42,56.7,3.02
2527,2.03,68.36,5.12
3136,9.55,0.28,6.21
342,9.19,93.09,8.19
1447,0.47,11.09,7.61
2379,3.39,40.62,9.88
3659,4.05,77.1,0.08
526,2.39,43.52,4.37
1896,6.29,94.68,2.56
4754,6.4,46.76,1.2
2073,8.51,87.49,9.12
4915,7.41,81.08,9.98
405,5.43,98.1,1.81
1573,6.54,92.65,0.38
4600,2.74,89.81,2.75
3740,5.93,73.16,8.35
4274,4.89,36.7,2.94
4227,1.33,10.61,0.57
1846,2.43,68.86,0.52
1478,2.92,97.87,4.27
2395,9.24,72.66,9.32
771,2.3,92.87,2.86
578,2.89,80.43,4.27
2901,3.69,16.31,1.02
193,6.64,24.92,4.94
2007,1.18,34.19,6.97
1185,9.54,16.83,2.71
2394,8.66,58.17,2.97
2998,5.77,97.55,8.42
1792,6.74,76.15,0.1
1110,0.17,42.34,6.36
4005,3.39,0.45,3.94
2261,7.96,31.33,2.98
3736,0.77,52.68,6.58
3793,2.82,32.43,8.35
1936,5.85,11.1,5.58
4875,2.56,44.28,0.31
4357,9.34,25.33,4.61
729,1.31,90.92,4.63
4378,7.97,10.18,5.44
3451,5.08,4.92,6.71
4457,7.5,0.53,0.19
4536,3.11,32.81,5.02
2140,5.14,66.04,5.88
1644,8.57,73.04,3.43
2800,4.67,45.33,6.68
4962,3.6,68.43,2.28
141,5.36,35.99,3.17
1455,7.17,66.78,9.63
4796,4.44,4.06,3.48
2096,9.39,39.08,3.47
1325,2.95,79.08,5.96
4976,4.75,80.3,9.71
1213,7.57,71.61,9.83
1159,6.89,20.42,5.8
4650,8.64,24.72,0.01
4499,9.97,99.61,9.01
4987,4.27,10.34,5.7
4697,1.11,18.07,3.66
340,0.3,13.0,8.29
3828,7.27,32.77,4.0
1968,8.74,21.02,0.34
703,2.21,49.77,8.21
4413,1.58,47.6,5.46
2429,0.62,90.15,3.38
1800,8.23,3.47,2.51
4912,3.11,31.99,5.94
4648,4.02,59.67,2.08
855,5.03,60.48,3.24
1812,8.39,48.01,6.37
2866,6.51,81.57,8.82
3642,6.15,6.27,5.33
182,1.76,81.55,7.59
3112,5.13,49.48,7.63
4492,7.15,13.38,6.64
1517,9.73,88.57,2.46
1356,2.01,64.92,8.67
2174,0.1,16.35,4.36
3629,0.75,3.36,0.44
3628,3.76,14.11,2.45
4096,8.21,60.88,7.66
3239,0.07,17.93,0.69
3691,4.57,22.58,1.47
18,3.29,2.51,6.94
3403,0.52,72.29,8.93
4679,4.5,81.04,6.34
4551,2.55,79.68,2.22
3004,3.52,12.76,0.53
1132,7.06,90.33,6.15
3339,5.22,67.23,0.47
3311,1.25,89.75,6.13
3372,9.61,44.72,2.26
987,6.36,43.7,9.05
3321,7.66,78.45,4.75
4615,0.79,9.33,2.24
4954,0.47,52.09,8.53
173,0.19,83.64,2.54
3741,1.89,83.02,3.07
3052,4.14,95.61,8.34
726,9.36,69.83,3.09
3760,4.57,20.78,4.1
1875,2.9,2.03,3.48
4033,5.62,47.94,1.16
989,1.12,51.37,0.39
3744,6.1,24.03,7.25
2686,5.68,12.47,6.45
419,7.92,58.62,2.82
593,9.87,76.43,2.96
1774,2.51,99.32,9.45
2459,5.1,75.83,9.88
935,9.09,79.36,4.73
3808,7.85,61.65,8.02
331,4.87,98.59,7.37
3449,9.45,64.0,2.97
2702,0.57,86.03,0.59
4006,9.31,94.58,1.43
3868,0.51,92.99,8.38
4200,5.47,38.14,7.31
201,8.9,7.87,6.64
2497,2.63,17.19,1.31
1842,4.72,5.92,6.4
1866,3.24,10.54,7.72
1996,9.52,18.47,8.61
909,8.24,34.11,0.13
4305,7.09,54.35,6.84
4658,5.88,71.17,0.19
3189,8.21,21.09,7.07
770,3.92,67.25,6.36
3155,4.48,70.43,1.48
2501,7.3,55.86,7.66
2714,3.58,90.36,0.68
4724,0.64,11.1,8.26
3585,0.74,17.71,2.62
1628,1.15,42.87,6.89
386,8.7,12.67,9.24
3421,4.72,56.63,3.4
4008,7.13,39.84,5.03
4093,3.93,28.46,4.63
4363,2.59,17.0,1.58
2466,3.47,33.53,5.9
2282,7.94,60.8,7.43
1856,6.25,57.58,9.17
1998,9.38,16.36,8.51
1236,6.8,12.49,5.1
4669,5.7,2.67,7.19
4144,6.1,1.24,8.01
1150,9.42,87.98,4.93
4318,7.88,4.51,1.15
1431,0.24,73.12,4.38
1819,5.34,87.2,8.42
2324,6.88,9.81,5.97
1130,7.49,43.63,7.24
2658,2.13,96.23,1.85
3500,8.67,83.41,9.64
374,9.56,48.97,4.04
2120,2.37,76.26,6.54
4020,8.83,83.34,0.19
2021,0.97,34.8,1.27
3705,0.56,89.22,7.82
3259,1.29,47.05,9.68
3435,0.58,52.78,3.2
1889,8.45,99.97,0.37
1823,0.59,84.33,3.61
1474,2.72,36.18,0.17
2242,1.04,1.03,1.92
3243,2.95,62.62,7.52
3134,0.91,70.39,9.37
2070,6.68,65.08,0.87
359,1.33,96.79,5.58
2041,8.52,86.3,2.54
1141,8.17,44.88,1.39
1635,0.14,6.29,2.19
4000,8.96,47.61,5.78
1943,0.29,68.92,0.65
4774,2.4,60.77,4.34
3361,0.32,53.81,1.35
2980,3.36,46.88,2.73
6,5.14,29.38,1.91
3267,7.97,27.73,8.83
1591,3.38,50.02,7.08
4928,7.05,16.06,8.68
3264,1.88,34.07,3.83
2606,7.51,32.4,3.13
3219,2.36,58.71,3.81
3273,1.44,6.67,0.19
913,1.85,82.97,7.25
2011,1.82,56.24,3.5
1442,5.13,67.08,3.13
3054,8.45,70.31,5.98
3546,0.8,29.15,4.36
4221,7.07,47.04,9.81
4912,6.54,95.62,3.56
2928,8.73,76.67,6.14
1829,2.44,96.96,3.12
575,4.5,74.63,9.91
929,9.26,17.56,4.45
3759,6.6,6.45,6.34
3699,3.89,57.77,1.27
1463,1.31,35.78,7.33
3275,2.62,27.55,2.69
4928,5.81,80.72,4.49
1054,7.18,36.7,8.83
1900,1.24,31.7,9.71
1457,6.0,85.0,4.25
1399,5.5,84.63,8.35
3415,5.14,35.64,0.53
442,6.9,83.25,8.48
3650,8.37,85.08,6.3
4652,3.23,42.39,4.89
1178,8.89,6.65,8.9
4458,1.61,0.16,8.45
1257,1.73,52.33,2.97
3634,2.67,34.41,7.91
1841,1.2,99.71,0.99
2309,2.3,77.24,8.23
910,1.06,76.13,6.75
4340,8.22,95.52,0.88
4637,1.39,88.77,6.83
4009,7.47,31.82,5.81
2169,0.48,16.6,5.95
2172,9.49,74.59,2.91
123,7.11,37.83,2.66
3158,0.07,47.32,7.63
785,7.64,63.04,2.57
2416,5.14,90.79,4.46
796,7.79,41.91,6.95
4172,5.22,78.33,0.8
4154,6.41,26.83,5.95
1936,7.86,69.8,5.89
2156,4.05,0.16,6.84
3807,0.03,87.15,3.7
1301,8.5,3.04,4.49
4163,3.81,71.28,3.3
3140,4.96,4.63,8.08
3236,0.08,26.62,1.31
2352,4.92,49.72,9.63
1932,9.86,41.99,6.35
2721,2.78,19.18,8.87
364,3.95,33.38,4.26
4916,6.87,72.77,3.32
2390,8.15,66.93,9.01
946,4.17,7.18,0.99
1377,3.1,74.73,1.17
1439,9.38,5.3,2.99
3180,6.77,54.29,9.6
4857,1.19,26.01,6.33
340,0.69,58.77,5.54
2989,4.84,26.13,7.05
382,2.2,98.5,4.17
1556,2.54,30.97,7.58
299,8.78,24.2,3.93
138,0.9,27.85,8.26
358,7.15,89.65,2.67
4931,2.71,63.62,2.78
1522,7.6,73.07,5.22
