r2,mae,mse,mean_residual,intercept,coef__G1,pval__G1,coef__G2,pval__G2,coef__absences,pval__absences,coef__activities,pval__activities,coef__paid,pval__paid,coef__famsup,pval__famsup,coef__schoolsup,pval__schoolsup,coef__studytime,pval__studytime,model_type,description,cookD,indices,n_train,n_test,baseline_r2,baseline_mae,baseline_mse,baseline_mean_residual,ttest_p,ttest_stat,wilcoxon_p,wilcoxon_stat,ttest_p_mean,ttest_stat_mean,wilcoxon_p_mean,wilcoxon_stat_mean,ttest_p_mean_global,ttest_stat_mean_global,wilcoxon_p_mean_global,wilcoxon_stat_mean_global
0.3962,2.612,10.0226,0.1649,-7.8607097129679335,-0.2378789906559462,0.5815579805644524,1.7845267318644702,0.002280301584600018,0.5495702688839392,0.0032018560427574225,-1.9849711334187516,0.1852585099439077,-3.4200508038779383,0.06056585222679803,2.086108014685189,0.13011206356922042,1.954133136987477,0.38690819366076723,0.39943929069780615,0.7176742240956181,subgroup,"Fedu in (-0.001, 2.0] ∧ Fjob=='services' ∧ Medu in (-0.001, 2.0]",235.73333455775398,"[1, 7, 16, 44, 69, 79, 98, 110, 146, 160, 173, 191, 201, 202, 211, 245, 260, 264, 271, 272, 279, 284, 300, 301, 306, 307]",26,10,0.6999,1.3531,4.9811,-0.3325,0.8419041319288124,1.0613237254072998,0.919921875,41.0,0.1732811262847777,-0.9932019967767098,0.0966796875,14.0,0.02221356778734383,-2.334382542486264,0.0419921875,10.0
0.4245,2.0697,8.8755,-0.8299,-7.385177232540452,0.1619899529969534,0.6595066222970303,1.445356882994387,0.0012536676451888494,0.5515361681456241,0.00045848469842945305,-1.5180705496824538,0.1845578967771046,-1.701041851808006,0.18296404188386328,2.3588012147440915,0.03640707067668621,2.490114313016126,0.17853457693830388,-0.6216708801485636,0.4159682527017724,subgroup,"Fjob=='services' ∧ Medu in (-0.001, 2.0] ∧ internet=='yes'",223.68199279437115,"[6, 7, 16, 25, 41, 57, 69, 79, 98, 132, 141, 144, 146, 160, 173, 177, 191, 202, 211, 245, 260, 261, 264, 271, 272, 279, 284, 306, 307]",29,11,0.7063,1.2381,4.529,-0.2943,0.7709373046133065,0.7717260395771082,0.86083984375,45.0,0.24346699982398673,-0.7218303978127901,0.13916015625,20.0,0.03355678741476935,-2.053502744048152,0.02685546875,11.0
0.2634,3.0192,14.9452,-1.3483,-8.933847678527215,0.48314228894504574,0.17331818880211405,1.52538253753267,0.0009421942929821491,0.4505455469379746,0.0009607179958317619,-1.4813529322560772,0.1761797054829575,1.3810282387612447,0.3218579551327567,0.1947186711348401,0.859544388891225,4.63941152742019,0.012569674194020313,-2.371279307708471,0.01109014811743066,subgroup,"Fjob=='services' ∧ Medu in (-0.001, 2.0] ∧ address=='U'",213.05743839663836,"[6, 7, 25, 41, 57, 69, 79, 110, 132, 141, 144, 146, 160, 177, 191, 211, 245, 260, 261, 271, 272, 279, 301, 306, 307]",25,10,0.7572,1.2772,4.9257,-0.239,0.8790246797901049,1.252510123278919,0.9345703125,42.0,0.2982746255238027,-0.5487138339123587,0.4228515625,25.0,0.022801750667360968,-2.318421504155111,0.0322265625,9.0
0.5224,2.1828,8.4472,-1.1831,-6.86477414090537,0.14235572786482298,0.644122661312578,1.4462331668175508,0.0002693780074122875,0.5071002705539516,0.0005668911154932593,-1.4840196903907372,0.1819440530707426,-1.4586805377920118,0.22039397981596054,1.8372103824657529,0.08854962411397294,3.2352409208171804,0.04460794473334211,-0.6020318833116023,0.4373643220397804,subgroup,"Fjob=='services' ∧ Medu in (-0.001, 2.0] ∧ Pstatus=='T'",195.1434353661008,"[1, 6, 7, 16, 25, 41, 44, 57, 69, 79, 98, 110, 132, 141, 144, 146, 160, 168, 173, 177, 191, 201, 202, 211, 245, 260, 261, 264, 271, 272, 279, 284, 300, 306, 307]",35,12,0.7652,1.1424,4.1522,-0.2772,0.820773555562331,0.9583993187340745,0.898193359375,55.0,0.1003204882786198,-1.3613359367813604,0.088134765625,21.0,0.013023717187799138,-2.570063714333384,0.008056640625,9.0
0.8666,1.9304,4.1843,-0.8417,-7.080770027446589,0.5956167959741803,0.14222636698386115,1.2259779119329832,0.012970795665470202,0.4795860590989075,0.05310044126366264,-2.4934055883284776,0.03408029691553821,0.8233492758254064,0.5056196070500604,0.40524061869736094,0.7148455997557116,2.0434893430454784,0.31450907293609076,-1.703452537407896,0.00750217322465625,subgroup,"Dalc in (0.999, 2.0] ∧ Fjob=='services' ∧ guardian=='father'",190.4664297037597,"[6, 7, 17, 25, 39, 62, 69, 73, 96, 108, 132, 140, 141, 144, 146, 151, 152, 160, 176, 177, 191, 201, 211, 250, 271, 306]",26,5,0.7784,1.344,6.9498,-1.1254,0.3555472862345942,-0.3977990777084635,0.78125,10.0,0.138610191038051,-1.2567736880521683,0.40625,6.0,0.09074500648708791,-1.6155738502067054,0.03125,0.0
-0.0129,2.2686,8.7208,-0.9882,-8.10494726199195,0.4351524470203578,0.25370783854108203,1.2516092386802096,0.0040634562465667315,0.4973197610319855,0.0006066642007895788,-1.3116914348416637,0.2444279686996574,-1.3851113489190554,0.24737669682320168,2.0100244325208907,0.07205422155938424,3.578922630953086,0.030907816182143437,-0.7396662324457932,0.3508947839952745,subgroup,"Fjob=='services' ∧ Medu in (-0.001, 2.0] ∧ higher=='yes'",188.6170069437165,"[1, 6, 7, 16, 25, 44, 57, 69, 79, 98, 110, 132, 141, 146, 160, 168, 173, 177, 191, 201, 202, 211, 245, 260, 261, 264, 271, 272, 279, 284, 301, 306]",32,10,0.8307,0.7563,1.4574,0.2819,0.9529036819285922,1.8707051701342758,0.9677734375,45.0,0.2159911896170203,-0.8226130095092872,0.24609375,20.0,0.037943090360009195,-2.0054238554463586,0.0419921875,10.0
-0.0413,2.238,8.9138,-1.057,-7.096571063374969,0.14189430503095113,0.6614322786377322,1.4783930279295912,0.0005263739189115377,0.4747828698199378,0.006510116842939529,-1.361027118496105,0.2732322412016952,-1.4974004056517671,0.2745074855246641,1.93271135233246,0.09957026503054889,3.2604082329628565,0.051838277424231416,-0.6645660798753599,0.4413967270516881,subgroup,"Dalc in (0.999, 2.0] ∧ Fjob=='services' ∧ Medu in (-0.001, 2.0]",178.14727254449954,"[1, 6, 7, 25, 41, 44, 57, 69, 98, 110, 132, 141, 144, 146, 160, 168, 173, 177, 191, 201, 202, 211, 245, 260, 261, 264, 271, 272, 279, 284, 300, 306, 307]",33,10,0.9266,0.4888,0.6283,-0.028,0.9755451559534353,2.275643399972121,0.9970703125,52.0,0.20148027748947994,-0.8776373375531812,0.1875,18.0,0.02447262883277066,-2.275198799537982,0.009765625,5.0
-0.5995,5.8985,45.1228,0.249,4.585355668729263,1.9654052117549758,0.0004895727775694274,-0.682648275613585,0.17029497810757652,-0.03344827517886835,0.28974501268718184,-4.1502325997536,0.00017671577401044952,0.05629537146697672,0.9512238677603362,-1.4933974717745535,0.11312482665237487,3.6054741163725543,0.04270777188328558,-2.801871959318066,0.00013278910922419655,subgroup,"age in (17.0, 18.0] ∧ famsize=='GT3' ∧ guardian=='mother'",177.92789701273756,"[14, 19, 21, 31, 32, 43, 84, 85, 86, 88, 107, 117, 120, 131, 137, 178, 188, 205, 224, 226, 229, 230, 243, 245, 251, 279, 295, 307, 312]",29,10,0.8785,1.426,3.4285,0.0816,0.9964948825067773,3.4734775238936777,0.9931640625,50.0,0.6576089286760982,0.41936465732588724,0.5390625,28.0,0.014570769973163004,-2.5915030544861732,0.0185546875,7.0
0.6565,2.2417,9.829,-0.3323,-4.505929770141682,0.6417545290590659,0.1415786713841886,0.5570407786293337,0.14616733300889206,0.5118714106235935,0.025200880808868353,-2.925064592025799,0.025438891080967144,-0.17617122637534965,0.9135839380416336,0.2422814886009288,0.8820424802745768,4.874477620063379,0.13341964633076372,0.18081392973661337,0.8033218428528474,subgroup,"Medu in (-0.001, 2.0] ∧ Pstatus=='T' ∧ age in (17.0, 18.0]",177.04005702305037,"[6, 9, 13, 14, 19, 31, 32, 41, 45, 55, 69, 82, 85, 88, 115, 131, 141, 167, 188, 205, 220, 245, 249, 279, 306, 307, 312]",27,9,0.7345,2.1149,7.597,-0.7098,0.6349981507839637,0.357446926434117,0.455078125,21.0,0.05377009880455635,-1.8121265340444501,0.048828125,8.0,0.013009450278824485,-2.7256843392914116,0.02734375,6.0
0.888,1.2046,2.9779,-0.2409,-4.959233660344161,0.7744352383535834,0.0817078569158269,0.4878744972482056,0.19469438527496627,0.5058471288169222,0.024315975686348135,-2.443475578030432,0.0618516024152191,-0.1187191789666292,0.9403249676979759,0.6334340015963762,0.6964319472150711,5.15509519201096,0.10742391370302766,-0.1810634254832616,0.8110594271826054,subgroup,"Medu in (-0.001, 2.0] ∧ age in (17.0, 18.0] ∧ traveltime in (0.999, 2.0]",173.5244162553211,"[6, 9, 13, 14, 19, 31, 32, 41, 45, 55, 69, 82, 85, 88, 115, 131, 141, 167, 188, 220, 245, 249, 279, 306, 307, 312]",26,6,0.6152,2.5856,10.2298,-1.5808,0.06261279144774505,-1.839515624216879,0.078125,3.0,0.007869572714967658,-3.5881273344376874,0.015625,0.0,0.009107499026705261,-3.4511529540402575,0.03125,1.0
0.4654,2.503,10.2321,-1.3327,-6.199899853123469,0.13176772851484797,0.752370291576786,1.408704173920078,0.013212028014119524,0.4814446627429985,0.012329125062014864,-1.161845221405195,0.5148216402889154,-0.7048981154064067,0.683082656421894,2.0766516183291905,0.12003297028548351,3.0978039319327544,0.11928820131026688,-0.9628960929642303,0.4120229899741902,subgroup,"Fjob=='services' ∧ Medu in (-0.001, 2.0] ∧ school=='GP'",173.38666919065483,"[1, 7, 25, 57, 79, 98, 110, 141, 144, 146, 160, 168, 173, 177, 191, 211, 245, 260, 261, 264, 271, 272, 279, 284, 300, 307]",26,11,0.7636,1.2269,4.5256,-0.2831,0.8387170783692411,1.0406013149638913,0.94921875,51.0,0.16181307075841406,-1.0382059389141758,0.259765625,25.0,0.01876091376027358,-2.396774962975295,0.02685546875,11.0
0.7838,1.9274,5.6682,0.2685,-6.072993921195831,0.46448404556395884,0.26055796317974894,1.2236317076500063,0.01854580184916928,0.481492472096055,0.06635565321373238,-2.292727229520043,0.06336124358250676,0.5240016058736611,0.6859548734867761,0.6361408319621935,0.5899456791832199,0.3579650402788601,0.8391718910367983,-1.4640128431779416,0.020141871215294028,subgroup,Fjob=='services' ∧ guardian=='father' ∧ higher=='yes',172.1459169892613,"[6, 7, 17, 25, 39, 62, 69, 73, 96, 108, 132, 140, 141, 146, 151, 152, 160, 176, 177, 191, 201, 211, 233, 250, 271, 306]",26,6,0.7255,1.6298,7.1979,-0.3573,0.39615718614420037,-0.2777617206749414,0.5,10.0,0.1564232146011692,-1.1219685596674067,0.34375,8.0,0.1115287871882683,-1.3906255013907172,0.109375,4.0
0.8245,2.0316,5.6494,-0.3921,-6.167140849615679,0.464191937191455,0.24702562646375167,1.2275843905739918,0.014786671041799765,0.47945596899456666,0.05896171245645058,-2.271452115780236,0.05445589190684583,0.53787007166572,0.6674775109527129,0.6560108877667377,0.5619600975657768,0.38973750343864744,0.8172448293254533,-1.4578831891094373,0.016630418493034777,subgroup,Fjob=='services' ∧ guardian=='father',170.76489874140827,"[6, 7, 17, 25, 39, 62, 69, 73, 96, 108, 132, 140, 141, 144, 146, 151, 152, 160, 176, 177, 191, 201, 211, 233, 250, 271, 306]",27,8,0.6954,1.9906,9.805,-1.0362,0.2291858859817848,-0.7846749547454984,0.421875,16.0,0.07485293354534756,-1.6179518350635553,0.19140625,11.0,0.0494446538473713,-1.9021743468323213,0.0390625,5.0
0.8562,1.9627,5.8375,-0.6137,-6.167140849615679,0.464191937191455,0.24702562646375167,1.2275843905739918,0.014786671041799765,0.47945596899456666,0.05896171245645058,-2.271452115780236,0.05445589190684583,0.53787007166572,0.6674775109527129,0.6560108877667377,0.5619600975657768,0.38973750343864744,0.8172448293254533,-1.4578831891094373,0.016630418493034777,subgroup,"Fjob=='services' ∧ guardian=='father' ∧ traveltime in (0.999, 2.0]",170.76489874140827,"[6, 7, 17, 25, 39, 62, 69, 73, 96, 108, 132, 140, 141, 144, 146, 151, 152, 160, 176, 177, 191, 201, 211, 233, 250, 271, 306]",27,6,0.7123,2.1376,11.6765,-1.8274,0.22223424513718013,-0.8297653871150044,0.421875,9.0,0.06699802826355804,-1.7869162409709936,0.078125,3.0,0.040715327694918514,-2.1769017152225607,0.015625,0.0
0.8245,2.0316,5.6494,-0.3921,-6.167140849615679,0.464191937191455,0.24702562646375167,1.2275843905739918,0.014786671041799765,0.47945596899456666,0.05896171245645058,-2.271452115780236,0.05445589190684583,0.53787007166572,0.6674775109527129,0.6560108877667377,0.5619600975657768,0.38973750343864744,0.8172448293254533,-1.4578831891094373,0.016630418493034777,subgroup,"Fjob=='services' ∧ failures in (-0.001, 3.0] ∧ guardian=='father'",170.76489874140827,"[6, 7, 17, 25, 39, 62, 69, 73, 96, 108, 132, 140, 141, 144, 146, 151, 152, 160, 176, 177, 191, 201, 211, 233, 250, 271, 306]",27,8,0.6954,1.9906,9.805,-1.0362,0.2291858859817848,-0.7846749547454984,0.421875,16.0,0.07485293354534756,-1.6179518350635553,0.19140625,11.0,0.0494446538473713,-1.9021743468323213,0.0390625,5.0
0.8245,2.0316,5.6494,-0.3921,-6.167140849615679,0.464191937191455,0.24702562646375167,1.2275843905739918,0.014786671041799765,0.47945596899456666,0.05896171245645058,-2.271452115780236,0.05445589190684583,0.53787007166572,0.6674775109527129,0.6560108877667377,0.5619600975657768,0.38973750343864744,0.8172448293254533,-1.4578831891094373,0.016630418493034777,subgroup,Fjob=='services' ∧ Pstatus=='T' ∧ guardian=='father',170.76489874140827,"[6, 7, 17, 25, 39, 62, 69, 73, 96, 108, 132, 140, 141, 144, 146, 151, 152, 160, 176, 177, 191, 201, 211, 233, 250, 271, 306]",27,8,0.6954,1.9906,9.805,-1.0362,0.2291858859817848,-0.7846749547454984,0.421875,16.0,0.07485293354534756,-1.6179518350635553,0.19140625,11.0,0.0494446538473713,-1.9021743468323213,0.0390625,5.0
0.4958,2.6346,10.6084,-1.3481,-7.130265712368401,0.3615083065337855,0.31059795543110963,1.3055083062229411,0.0027455172532862737,0.4568173271278222,0.0015965252157879263,-1.5075146885338846,0.20354036240947346,-0.7166311930814471,0.5681198672571528,2.045735141162593,0.05880575161017129,3.3194587512630434,0.0421479587390939,-1.0652995777345717,0.21156712246119785,subgroup,"Fjob=='services' ∧ Medu in (-0.001, 2.0] ∧ traveltime in (0.999, 2.0]",167.2127707218248,"[6, 7, 25, 41, 44, 57, 69, 79, 98, 110, 132, 141, 144, 146, 160, 168, 173, 177, 191, 201, 211, 245, 260, 261, 264, 271, 279, 284, 301, 306, 307]",31,10,0.803,1.0609,4.1446,-0.6002,0.8598427690394935,1.1486434143960669,0.9814453125,47.0,0.149931964181609,-1.1000455991687936,0.1875,18.0,0.015006323662747153,-2.5735470447821926,0.009765625,5.0
0.6215,2.2393,7.6464,0.8345,1.1215662467282916,0.49907000755672715,0.0993271357763767,0.38535275044446893,0.14078508781155175,0.46952084561616436,0.011636522123819146,-3.3426216821020116,0.003359208433829514,0.19434047057916848,0.8592638758557143,-1.3681274317230725,0.1738103610676132,3.210867989468796,0.21454898656986515,-0.23961911577333206,0.6580668116046219,subgroup,"Medu in (-0.001, 2.0] ∧ famsize=='GT3' ∧ goout in (2.0, 3.0]",164.89099385345958,"[6, 8, 14, 19, 24, 31, 81, 97, 105, 115, 128, 132, 144, 156, 162, 163, 171, 188, 228, 245, 259, 261, 289, 291, 312]",25,7,0.8685,1.2892,2.6572,-0.0878,0.9045060825532618,1.473733117377876,0.890625,21.0,0.2104928692395054,-0.8635961371212973,0.34375,11.0,0.09997550044543561,-1.4399366249796823,0.078125,5.0
0.6772,2.1506,9.2382,-0.2645,-4.464654956513932,0.6555240766585828,0.12457649319730982,0.5724983756537514,0.12618510678317144,0.47874311493049376,0.023333997516604817,-3.011549953994228,0.017972003014327578,-0.2768978821692478,0.8605322372902693,0.20012399948493176,0.900205987871902,4.877445000405211,0.1248890664497687,0.14355472811428727,0.8389445491619838,subgroup,"Medu in (-0.001, 2.0] ∧ age in (17.0, 18.0]",158.92505005469735,"[6, 9, 13, 14, 19, 31, 32, 41, 45, 55, 69, 82, 85, 88, 115, 131, 141, 167, 188, 205, 220, 245, 249, 279, 306, 307, 311, 312]",28,9,0.7345,2.1149,7.597,-0.7098,0.6120055944607194,0.29434284751654805,0.455078125,21.0,0.04652692472442771,-1.9063450359196357,0.064453125,9.0,0.013737523463261365,-2.6905070130388973,0.02734375,6.0
0.6772,2.1506,9.2382,-0.2645,-4.464654956513932,0.6555240766585828,0.12457649319730982,0.5724983756537514,0.12618510678317144,0.47874311493049376,0.023333997516604817,-3.011549953994228,0.017972003014327578,-0.2768978821692478,0.8605322372902693,0.20012399948493176,0.900205987871902,4.877445000405211,0.1248890664497687,0.14355472811428727,0.8389445491619838,subgroup,"Medu in (-0.001, 2.0] ∧ age in (17.0, 18.0] ∧ failures in (-0.001, 3.0]",158.92505005469735,"[6, 9, 13, 14, 19, 31, 32, 41, 45, 55, 69, 82, 85, 88, 115, 131, 141, 167, 188, 205, 220, 245, 249, 279, 306, 307, 311, 312]",28,9,0.7345,2.1149,7.597,-0.7098,0.6120055944607194,0.29434284751654805,0.455078125,21.0,0.04652692472442771,-1.9063450359196357,0.064453125,9.0,0.013737523463261365,-2.6905070130388973,0.02734375,6.0
0.8845,1.0903,3.0404,1.0903,-4.464654956513932,0.6555240766585828,0.12457649319730982,0.5724983756537514,0.12618510678317144,0.47874311493049376,0.023333997516604817,-3.011549953994228,0.017972003014327578,-0.2768978821692478,0.8605322372902693,0.20012399948493176,0.900205987871902,4.877445000405211,0.1248890664497687,0.14355472811428727,0.8389445491619838,subgroup,"Dalc in (0.999, 2.0] ∧ Medu in (-0.001, 2.0] ∧ age in (17.0, 18.0]",158.92505005469735,"[6, 9, 13, 14, 19, 31, 32, 41, 45, 55, 69, 82, 85, 88, 115, 131, 141, 167, 188, 205, 220, 245, 249, 279, 306, 307, 311, 312]",28,6,0.7943,2.0204,5.4164,-0.2389,0.24003973352208516,-0.7626597968117208,0.28125,7.0,0.04523067955904345,-2.0938085282489887,0.078125,3.0,0.037834210149517454,-2.235208615986677,0.078125,3.0
0.5898,2.0475,7.2563,-1.108,-6.9033129696665805,0.14441872859867888,0.6408010902187999,1.4624217900168555,0.00023321898415917455,0.45042996854591716,0.0008103897363712754,-1.2448870006739399,0.2530963441398873,-1.5618345327428145,0.19069535659121717,1.6785173346702553,0.11600489094627804,3.210192471113037,0.046739286030282566,-0.6344798657594045,0.4149775607805092,subgroup,"Fjob=='services' ∧ Medu in (-0.001, 2.0]",158.64168614697053,"[1, 6, 7, 16, 25, 41, 44, 57, 69, 79, 98, 110, 132, 141, 144, 146, 160, 168, 173, 177, 191, 201, 202, 211, 245, 260, 261, 264, 271, 272, 279, 284, 300, 301, 306, 307]",36,12,0.7652,1.1424,4.1522,-0.2772,0.7810584244906791,0.8049828796420785,0.88330078125,54.0,0.0707459807183094,-1.584037234458091,0.07568359375,20.0,0.013051682429588629,-2.5688597847644097,0.008056640625,9.0
0.5898,2.0475,7.2563,-1.108,-6.9033129696665805,0.14441872859867888,0.6408010902187999,1.4624217900168555,0.00023321898415917455,0.45042996854591716,0.0008103897363712754,-1.2448870006739399,0.2530963441398873,-1.5618345327428145,0.19069535659121717,1.6785173346702553,0.11600489094627804,3.210192471113037,0.046739286030282566,-0.6344798657594045,0.4149775607805092,subgroup,"Fjob=='services' ∧ Medu in (-0.001, 2.0] ∧ failures in (-0.001, 3.0]",158.64168614697053,"[1, 6, 7, 16, 25, 41, 44, 57, 69, 79, 98, 110, 132, 141, 144, 146, 160, 168, 173, 177, 191, 201, 202, 211, 245, 260, 261, 264, 271, 272, 279, 284, 300, 301, 306, 307]",36,12,0.7652,1.1424,4.1522,-0.2772,0.7810584244906791,0.8049828796420785,0.88330078125,54.0,0.0707459807183094,-1.584037234458091,0.07568359375,20.0,0.013051682429588629,-2.5688597847644097,0.008056640625,9.0
0.016,4.8777,29.4052,-0.664,0.6622904405403984,1.7100352927132156,0.00522162825007833,-0.611623137225466,0.28816363117793176,0.16459872015696558,0.07108521840438435,-4.347746061404744,0.0002665970030317863,1.3480219726452376,0.20331368561262372,-1.6753013836293078,0.08834513261702395,3.4919910950533506,0.0578990103505122,-0.9600772312952759,0.16958106404136095,subgroup,"age in (17.0, 18.0] ∧ famsize=='GT3' ∧ nursery=='yes'",145.5249068108291,"[6, 19, 21, 31, 32, 33, 43, 58, 84, 85, 88, 107, 115, 117, 120, 131, 137, 140, 141, 176, 188, 205, 224, 226, 227, 229, 230, 243, 245, 279, 295, 312]",32,11,0.8035,1.7102,5.872,-0.5908,0.9918466139101083,2.882811702398266,0.99658203125,61.0,0.13151143958599001,-1.1860373726883382,0.13916015625,20.0,0.0029891074403919277,-3.474271839818014,0.00146484375,2.0
-2.1922,4.0845,23.1432,-0.3317,-2.407770305352586,0.7712735752203518,0.012809891848571366,0.21345743532937578,0.46551531897819376,0.37335033681038193,0.0015122403663245304,-4.385804080073709,0.0006442102347274412,0.740577234055882,0.5313111339117567,0.14721663231143123,0.8979077634336512,3.26074456802095,0.0682753717149647,0.38224191446485145,0.6176727441253427,subgroup,"Medu in (-0.001, 2.0] ∧ goout in (2.0, 3.0] ∧ sex=='F'",136.801583112161,"[6, 8, 19, 24, 31, 55, 81, 82, 97, 115, 128, 156, 160, 162, 171, 188, 225, 228, 238, 245, 249, 259, 261, 272, 291, 299, 312]",27,4,0.7965,0.9782,1.4753,0.1256,0.9374559243636189,2.1123445146602724,0.9375,9.0,0.7789847340315446,0.88349861566818,0.875,8.0,0.22511779943365548,-0.8659175523248875,0.4375,4.0
-0.9075,2.6595,11.8028,1.7221,-6.4586646252008455,0.6821171524429842,0.08991665502656562,0.7199186225095469,0.03661422831880836,-0.13518019327439684,0.5035841162848242,0.17474470085588978,0.8604920353049312,2.451181350131012,0.04902630559813301,-1.8701708255683376,0.18975578470905582,-5.830466605968429,0.06727350337503821,0.7263035967627003,0.21590111963617178,subgroup,"Mjob=='teacher' ∧ Walc in (0.999, 2.0] ∧ school=='GP'",129.16547056142466,"[27, 30, 34, 63, 75, 86, 92, 94, 107, 109, 114, 126, 129, 134, 145, 147, 151, 176, 180, 183, 184, 194, 198, 223, 229, 253, 258, 276]",28,4,0.7053,1.3344,1.8234,-0.0897,0.8203784385433621,1.079957802830272,0.9375,9.0,0.7352226077323832,0.7088169525510393,0.8125,7.0,0.13620009386338097,-1.341042740876647,0.3125,3.0
0.6435,1.8537,6.0465,1.596,-1.9450236111304848,0.8086548607412034,0.01575943949910079,0.3103580614566165,0.26429270219458467,0.3896690373335771,0.0016552306282341333,-3.4637224641341318,0.002375624875550575,0.9789355354974583,0.4119625133074799,-0.6767524973800132,0.525661383642793,-1.5993533204849317,0.5411868350449598,-0.318698174449361,0.5730498841927376,subgroup,"Medu in (-0.001, 2.0] ∧ freetime in (0.999, 3.0] ∧ goout in (2.0, 3.0]",125.40385933750366,"[6, 8, 19, 24, 31, 41, 55, 81, 97, 105, 144, 156, 162, 163, 171, 177, 188, 211, 225, 228, 238, 245, 261, 267, 272, 289, 299, 312]",28,10,0.8883,0.9812,1.895,-0.0248,0.872270264860533,1.2145015143011202,0.947265625,43.0,0.17072205820387235,-1.0043569625981292,0.1875,18.0,0.05920874621037922,-1.7260459435554376,0.0322265625,9.0
0.5022,3.6428,16.6727,1.3259,1.403253312182482,1.2264694030523313,0.020241645839910078,-0.027294016972287283,0.9567207661813233,-0.011884287704553865,0.7271051422485647,-4.103207035761786,0.0007637940366703255,0.65173120438152,0.5356911325093971,-3.271642561750626,0.004577503544383642,0.6475121182351788,0.8099474115302931,-0.9740213088091346,0.25084343427041905,subgroup,"age in (17.0, 18.0] ∧ famsize=='GT3' ∧ freetime in (0.999, 3.0]",124.30253205015876,"[6, 19, 21, 31, 85, 86, 93, 107, 117, 120, 131, 137, 140, 176, 178, 188, 205, 227, 229, 230, 245, 257, 279, 295, 307, 312]",26,10,0.9038,1.3598,3.2212,0.0154,0.9804405648791721,2.4120255716835963,0.9755859375,46.0,0.09340484630436008,-1.4288920238935277,0.1162109375,15.0,0.012381156736120405,-2.690842698338285,0.0068359375,4.0
0.5616,3.2402,14.0764,3.1574,-8.956020402856451,1.3939130501640802,0.003814611294824425,0.3055380770796061,0.4100629294608994,0.043293202755540196,0.30891393786696336,-2.85203909343197,0.017579994956767497,2.830139900601878,0.06278447630222594,-2.0417103933215186,0.1572548274224221,7.106754401647574,0.0021593640119884072,-0.24703439358618667,0.7440913941341367,subgroup,"Walc in (0.999, 2.0] ∧ age in (17.0, 18.0] ∧ school=='GP'",118.38047081408648,"[9, 19, 27, 31, 32, 46, 55, 58, 63, 82, 86, 88, 107, 115, 131, 137, 167, 176, 178, 188, 221, 229, 245, 249, 258, 295, 298]",27,8,0.9457,1.009,1.7446,0.208,0.956108059910079,1.9830679073168749,0.9921875,34.0,0.11835778784650633,-1.2940133803711389,0.125,9.0,0.018641118308472954,-2.5649353261328467,0.0078125,1.0
0.7225,2.0791,7.6131,1.7299,-2.626278776210484,0.9076334327078062,0.06493801934367703,0.25612787262591885,0.6118771607474562,0.24288829476878765,0.008257864445802506,-4.709725021560332,0.00014702333370109888,1.428353148116555,0.1811554247962314,-1.4866977557170178,0.17481624870771262,1.2627447657421433,0.6543997784332132,-0.08436507871949361,0.9178781906842303,subgroup,"address=='U' ∧ age in (17.0, 18.0] ∧ freetime in (0.999, 3.0]",117.06477877199818,"[6, 19, 21, 31, 41, 55, 69, 86, 93, 95, 117, 119, 120, 131, 140, 176, 188, 220, 221, 227, 230, 245, 258, 269, 279, 295, 306, 307]",28,9,0.9326,0.9303,1.8482,0.0286,0.8492860924557817,1.104641773595454,0.875,32.0,0.10437141473572067,-1.3671911484802315,0.1796875,14.0,0.026522171034880613,-2.268138238772834,0.005859375,2.0
0.7788,2.2559,7.4238,0.9931,-1.8759631668304784,0.9134079430034557,0.21038224920846582,0.1465020802862922,0.8582529913095224,0.00829655304452822,0.8517776497752715,-4.201179552423855,0.005739642577238403,1.4854734505678562,0.30553481133980326,-2.3947906869192472,0.10753004027911164,1.157402323035574,0.7460493953048506,0.6113646643963486,0.498573531670246,subgroup,"Walc in (0.999, 2.0] ∧ age in (17.0, 18.0] ∧ freetime in (0.999, 3.0]",113.85167095415902,"[6, 9, 19, 31, 55, 69, 86, 95, 107, 119, 120, 131, 137, 140, 176, 178, 188, 205, 221, 229, 245, 257, 258, 295, 306]",25,9,0.9128,1.2878,2.9262,-0.206,0.8491057463179236,1.1037587735264707,0.8203125,30.0,0.032304298344808996,-2.1416655420256463,0.1015625,11.0,0.010468070803051137,-2.866657674441727,0.001953125,0.0
0.541,3.3619,13.8845,2.6784,-4.062396680783524,0.7757845484182705,0.023282063970484417,0.5625269119198565,0.05739554588995142,0.30560158507262436,0.01742119876577466,-4.265793866234298,0.00014710642973249813,1.1785464016845895,0.24973252660067524,-0.9040455063708415,0.37615056823496906,3.8553273375746526,0.04195042959189019,-0.5980962329513635,0.3786670277455877,subgroup,"Walc in (0.999, 2.0] ∧ address=='U' ∧ age in (17.0, 18.0]",110.10902669771667,"[6, 19, 27, 31, 46, 55, 58, 63, 69, 82, 86, 88, 95, 115, 119, 120, 131, 140, 167, 176, 188, 221, 245, 249, 258, 295, 306]",27,6,0.9128,1.1686,2.6368,-0.0564,0.9158941775921,1.6104663176078449,0.953125,18.0,0.1803475254400651,-1.0057576861843391,0.28125,7.0,0.05922341982150466,-1.882820762500294,0.015625,0.0
0.7635,2.038,6.1977,-0.7832,-5.662605179795541,0.17703361294561293,0.5959926217032807,1.4222221109657245,0.0009471070073394101,0.35334897497033646,0.016636710351231702,-0.3307332521219317,0.7735114872411986,-1.8648851025648674,0.1559083260501772,1.2818441645019036,0.25649129605697346,2.612099376607278,0.10079049387471165,-1.0963502865181671,0.20280828641189785,subgroup,"Fjob=='services' ∧ Medu in (-0.001, 2.0] ∧ nursery=='yes'",107.06959712814889,"[1, 6, 7, 16, 25, 41, 44, 98, 132, 141, 144, 146, 160, 168, 191, 202, 211, 245, 260, 261, 264, 271, 272, 279, 284, 300, 301, 306]",28,7,0.7761,1.4041,5.8676,-0.7734,0.5275666566156876,0.07209864838187025,0.890625,21.0,0.06920344822955132,-1.7084935827028749,0.0546875,4.0,0.03662438957226405,-2.1681484702388403,0.0390625,3.0
0.7193,2.3301,8.6521,1.895,-1.2689885077266965,0.6817712155886047,0.1320995139890778,0.274061621765448,0.5761542059656505,0.21573835939220287,0.004519662988056793,-4.257277358608691,3.98612101290962e-05,1.2080645986609113,0.1634866537818653,-1.9037731876255997,0.03746865267499279,-0.37124589669355057,0.8859165381990017,0.6462892197656572,0.28937585548319095,subgroup,"age in (17.0, 18.0] ∧ freetime in (0.999, 3.0] ∧ higher=='yes'",105.48398009348257,"[6, 9, 19, 21, 31, 55, 69, 85, 86, 93, 95, 101, 107, 117, 119, 120, 131, 137, 140, 176, 188, 205, 221, 227, 229, 230, 245, 257, 258, 269, 279, 295, 306, 311, 312]",35,13,0.9174,1.1736,2.5477,-0.0312,0.9277779289546538,1.561224249710567,0.9267578125,66.0,0.061064660539804146,-1.6632962615566134,0.13671875,29.0,0.011320529030914656,-2.61383180454953,0.001708984375,6.0
0.8683,1.8044,4.856,1.0796,-2.6593423716875364,0.7352334828431626,0.15172555570022686,0.2486882162423973,0.64420231635691,0.24536219156732836,0.0028597757227585693,-4.02169013738454,0.00031053925340547556,1.2082438791932606,0.20972922308801123,-1.4181839684478992,0.1430068974146908,0.2499076473869648,0.9257422502209509,0.8844824316132027,0.16793118635218585,subgroup,"age in (17.0, 18.0] ∧ freetime in (0.999, 3.0] ∧ nursery=='yes'",104.87544625914418,"[6, 9, 19, 21, 31, 41, 85, 95, 101, 107, 117, 119, 120, 131, 137, 140, 176, 188, 205, 220, 221, 227, 229, 230, 245, 258, 269, 279, 295, 306, 311, 312]",32,13,0.9429,1.0225,2.1049,-0.215,0.8605022706862737,1.133864935118225,0.9161376953125,65.0,0.011426074882850109,-2.6087995572183926,0.0286865234375,18.0,0.003868763167818042,-3.192638946724275,0.0001220703125,0.0
0.96,1.2637,2.1874,0.118,-7.135744689039086,0.18024566970450684,0.7279244517791867,1.2698712039753866,0.020802815551256144,0.36477979857594744,0.026327952011712327,-2.001989234957792,0.14763783628890173,1.0743954361509425,0.44980869603657836,0.9678772202939112,0.44239107748436657,4.368775009263883,0.04335645636692638,-0.36186966480820776,0.5985710337159103,subgroup,"Fjob=='services' ∧ health in (0.999, 2.0]",99.56724071781059,"[4, 7, 16, 34, 48, 61, 84, 90, 114, 119, 141, 144, 160, 168, 176, 191, 202, 211, 216, 221, 244, 258, 261, 279, 290]",25,4,0.8343,1.9013,9.063,-1.2579,0.21893965881985236,-0.8925045355624495,0.5625,5.0,0.0636250211671071,-2.0943345057768536,0.125,1.0,0.05994203426477939,-2.157265103769646,0.125,1.0
0.96,1.2637,2.1874,0.118,-7.135744689039086,0.18024566970450684,0.7279244517791867,1.2698712039753866,0.020802815551256144,0.36477979857594744,0.026327952011712327,-2.001989234957792,0.14763783628890173,1.0743954361509425,0.44980869603657836,0.9678772202939112,0.44239107748436657,4.368775009263883,0.04335645636692638,-0.36186966480820776,0.5985710337159103,subgroup,"Fjob=='services' ∧ failures in (-0.001, 3.0] ∧ health in (0.999, 2.0]",99.56724071781059,"[4, 7, 16, 34, 48, 61, 84, 90, 114, 119, 141, 144, 160, 168, 176, 191, 202, 211, 216, 221, 244, 258, 261, 279, 290]",25,4,0.8343,1.9013,9.063,-1.2579,0.21893965881985236,-0.8925045355624495,0.5625,5.0,0.0636250211671071,-2.0943345057768536,0.125,1.0,0.05994203426477939,-2.157265103769646,0.125,1.0
0.3402,3.5389,20.1536,2.1858,-1.0454377071123493,1.2966354571113634,0.004011186449763935,0.23940021187135646,0.4769002746977723,-0.003136948939063744,0.9348628122114415,-3.477689890030685,0.002546998751969761,2.032335073441311,0.13757491944838043,-2.453722936937001,0.0579527543328533,4.944054744890003,0.011689378612540442,-2.040084933724862,0.020305547950084976,subgroup,"age in (17.0, 18.0] ∧ famsize=='GT3' ∧ school=='GP'",98.92564437313688,"[19, 21, 31, 32, 33, 43, 58, 84, 86, 88, 107, 115, 117, 131, 137, 141, 167, 176, 178, 188, 226, 227, 229, 243, 245, 279, 295, 307]",28,11,0.8255,1.6283,5.3311,-0.0331,0.9724847562261613,2.171498224853688,0.92626953125,49.0,0.18936068213468216,-0.9210242241061273,0.232421875,24.0,0.009481776550733534,-2.794781900300036,0.00927734375,7.0
-1.0791,2.8226,12.9942,-0.4848,-7.011797295502732,0.4103134649490061,0.4431634349776852,0.8130220595009906,0.1021832335399951,0.20262259376199537,0.06427321856427722,-0.29221425213162755,0.7915878876492879,2.136869101111105,0.074588709611867,0.6345337673129854,0.6254998496331091,-6.035457410342511,0.13210049595637055,0.5558320370950796,0.5542111475709851,subgroup,"Mjob=='teacher' ∧ freetime in (0.999, 3.0]",97.3443084979408,"[21, 26, 30, 34, 86, 92, 93, 95, 107, 109, 117, 119, 142, 145, 151, 152, 176, 194, 198, 223, 229, 239, 258, 276, 313]",25,4,0.7051,1.3413,1.843,-0.0827,0.8269570137597978,1.115113912382096,0.9375,9.0,0.6315676296715853,0.3686546145018802,0.4375,4.0,0.16204424750850074,-1.1769681265897622,0.125,1.0
-1.0791,2.8226,12.9942,-0.4848,-7.011797295502732,0.4103134649490061,0.4431634349776852,0.8130220595009906,0.1021832335399951,0.20262259376199537,0.06427321856427722,-0.29221425213162755,0.7915878876492879,2.136869101111105,0.074588709611867,0.6345337673129854,0.6254998496331091,-6.035457410342511,0.13210049595637055,0.5558320370950796,0.5542111475709851,subgroup,"Mjob=='teacher' ∧ failures in (-0.001, 3.0] ∧ freetime in (0.999, 3.0]",97.3443084979408,"[21, 26, 30, 34, 86, 92, 93, 95, 107, 109, 117, 119, 142, 145, 151, 152, 176, 194, 198, 223, 229, 239, 258, 276, 313]",25,4,0.7051,1.3413,1.843,-0.0827,0.8269570137597978,1.115113912382096,0.9375,9.0,0.6315676296715853,0.3686546145018802,0.4375,4.0,0.16204424750850074,-1.1769681265897622,0.125,1.0
0.7614,2.3096,7.9589,2.2616,-0.6041703705285437,0.39585833395667835,0.4243261344890201,0.6196631863752096,0.2462320414926907,0.030864080494830554,0.41267703812536105,-4.29736142099201,0.0018145141842666245,2.823089985132455,0.037285735939959506,-1.869709501914361,0.12770045184312134,1.0053660428312647,0.737825074298749,-0.14182547165317383,0.8772334777634863,subgroup,"age in (17.0, 18.0] ∧ famrel in (0.999, 4.0] ∧ freetime in (0.999, 3.0]",97.09456555135097,"[21, 31, 41, 55, 69, 85, 86, 93, 95, 101, 107, 117, 119, 120, 176, 178, 188, 205, 220, 227, 230, 245, 257, 258, 269, 279, 295, 307, 311]",29,12,0.935,1.0107,2.1674,-0.3299,0.9544230835805388,1.8511987743468186,0.92431640625,57.0,0.025110564302537004,-2.198458568308751,0.054931640625,18.0,0.003698755732608891,-3.275127022251273,0.000732421875,2.0
0.4502,3.3595,15.3773,2.1063,-5.34855329676189,0.5656831071190034,0.14826864979356036,0.8092839173488052,0.027782761838292352,0.2715083357701106,0.017850623793363836,-4.314910611405807,0.0037887409916538915,2.027052974036673,0.1345993726858786,-0.7599624297526848,0.5395303326940554,4.75602386999841,0.04694116861380246,0.01043617762658966,0.9878592961431107,subgroup,"Pstatus=='T' ∧ age in (17.0, 18.0] ∧ health in (2.0, 4.0]",94.97180519644968,"[6, 9, 32, 41, 58, 69, 82, 85, 86, 88, 107, 115, 117, 131, 137, 167, 188, 205, 220, 229, 230, 245, 269, 298, 306, 312]",26,11,0.9326,1.0386,1.8846,0.446,0.9931942414531884,2.988370466811139,0.99853515625,63.0,0.1283799312023416,-1.2027956751046522,0.1826171875,22.0,0.00995617415719849,-2.7663289028984206,0.00341796875,4.0
0.7474,2.106,6.7422,-1.5177,-3.767439622141211,-0.4774664044005259,0.22759260800634112,1.7260699883365258,0.00029173938841858344,0.3455202118419949,0.008921732913930185,-0.42307574562121397,0.5739604995512546,-0.3909697279344213,0.6377334637485342,-0.022482900052611665,0.9788048184889724,0.0,,0.36241702214477467,0.49855715692619784,subgroup,"Dalc in (0.999, 2.0] ∧ Pstatus=='T' ∧ school=='MS'",94.76513816890191,"[6, 11, 14, 41, 44, 45, 69, 85, 93, 95, 112, 119, 120, 124, 128, 132, 140, 152, 161, 189, 201, 202, 205, 210, 224, 230, 278, 306, 312]",29,4,0.8832,0.9981,3.1171,-0.8973,0.7124700052129445,0.6271253006924866,0.8125,7.0,0.22647384181079921,-0.8601687354912104,0.3125,3.0,0.1553481720382673,-1.2167350982322804,0.125,1.0
0.6931,2.4375,9.7492,2.3614,-2.6289924971323693,0.4427022345036655,0.24918774409218497,0.5718331550276685,0.17958932933637925,0.23649994098745172,0.0025765975329259906,-4.030102097345544,6.79896647580629e-05,1.2558345284909695,0.15430092969611314,-1.7541734546127172,0.05208158449675764,0.0,,0.8191664601620728,0.1767960165223492,subgroup,"Pstatus=='T' ∧ age in (17.0, 18.0] ∧ freetime in (0.999, 3.0]",94.54816379870215,"[6, 9, 19, 21, 31, 41, 55, 69, 85, 86, 93, 95, 101, 107, 117, 119, 120, 131, 137, 140, 176, 188, 205, 220, 221, 227, 229, 230, 245, 257, 258, 269, 279, 306, 307, 312]",36,13,0.92,1.153,2.5412,0.0273,0.9384694942890719,1.6587195848749707,0.9598388671875,70.0,0.052637389932310784,-1.751935979890732,0.095458984375,26.0,0.007360053894028278,-2.8464257784568603,0.0023193359375,7.0
0.7294,2.7078,9.3866,2.7078,-3.127016692498337,0.3904531955433508,0.2885162271041705,0.7654820252947684,0.02590958130802304,0.3004580984593093,0.009882386626453875,-3.937408309315498,0.0005685319950228603,1.8235079495540663,0.106932396084227,-1.23917385188119,0.24831888249149936,4.0249033478562595,0.07159488935438314,-0.010346366294636589,0.9866694412995572,subgroup,"Pstatus=='T' ∧ Walc in (0.999, 2.0] ∧ age in (17.0, 18.0]",94.48304371831703,"[6, 9, 19, 31, 32, 46, 55, 58, 63, 69, 82, 86, 88, 95, 107, 115, 119, 120, 131, 137, 140, 167, 176, 188, 205, 210, 221, 224, 229, 245, 249, 257, 258, 298, 306]",35,8,0.9068,1.3628,3.2328,-0.3178,0.907683288644133,1.471485923105682,0.90234375,27.0,0.02758538419276014,-2.2977864071857015,0.07421875,7.0,0.010354392619442104,-2.9733620758956505,0.00390625,0.0
0.8261,1.8494,5.7796,1.3818,-3.7626694461189167,0.7601581425073006,0.19435748451326856,0.4339867366478084,0.4956502926849078,0.31186893991749665,0.018890339266174377,-3.5589644251916255,0.0033436614006902093,1.9766906491882594,0.13195685885213074,-0.9962610787989671,0.37412674878552965,3.165185513497675,0.1318255693645893,-0.0992093081586134,0.8870110394116812,subgroup,"Walc in (0.999, 2.0] ∧ age in (17.0, 18.0] ∧ nursery=='yes'",94.34318565595228,"[6, 9, 19, 27, 31, 32, 46, 58, 63, 88, 95, 107, 115, 119, 120, 131, 137, 140, 176, 188, 205, 210, 221, 224, 229, 245, 249, 258, 295, 298, 306]",31,8,0.9023,1.374,3.2473,-0.3065,0.7011532580806106,0.5526594368627427,0.62890625,20.0,0.02646195206815578,-2.3260104475112,0.07421875,7.0,0.013114181040613307,-2.8078081411318303,0.0078125,1.0
0.0948,1.5799,5.6011,-0.7321,-7.482842801418906,0.21756960847930185,0.6163226326345141,1.1348279358840687,0.014929288272809703,0.13317982724258282,0.4282815495542215,-0.20721687716347592,0.8430478045417387,2.3862134180347,0.03489651830923419,0.12815909957713423,0.9181322617270715,-6.427449682583019,0.048516836345384215,0.511423675528262,0.3655822584042894,subgroup,"Mjob=='teacher' ∧ Walc in (0.999, 2.0] ∧ nursery=='yes'",92.4557238066169,"[27, 34, 63, 75, 92, 94, 95, 107, 109, 114, 119, 126, 134, 145, 147, 151, 152, 176, 180, 183, 184, 194, 198, 224, 229, 253, 258, 276]",28,4,0.7053,1.3344,1.8234,-0.0897,0.7569693502803613,0.7922910938061696,0.4375,4.0,0.4247030858998787,-0.20680073164035065,0.5625,5.0,0.12985907563686708,-1.3863075044630981,0.3125,3.0
0.3349,1.8647,4.1154,1.1296,-6.063470299499757,0.6502810500453188,0.1366328957475839,0.7180125127342466,0.052355382344158,-0.054257629600299784,0.7951313141852002,0.19438223011648947,0.8787186621919716,2.001967625789961,0.1281953589868841,-1.1655250571011813,0.37255401554859446,-5.57106462060081,0.1133784731929633,0.44649500306907797,0.48337304843716367,subgroup,"Mjob=='teacher' ∧ Walc in (0.999, 2.0] ∧ address=='U'",92.29271355388441,"[27, 30, 34, 63, 75, 86, 92, 94, 95, 109, 114, 119, 126, 129, 134, 145, 151, 176, 180, 184, 194, 198, 223, 253, 258, 276]",26,4,0.7053,1.3344,1.8234,-0.0897,0.8622335441938273,1.3302061972577517,0.9375,9.0,0.28306296007942894,-0.6427647817583951,0.5625,5.0,0.14869551348614254,-1.258022130550172,0.3125,3.0
0.7501,2.0693,6.6693,-1.5289,-3.8645809022256934,-0.4257458736628963,0.2577384413818891,1.661250109164117,0.00019862636897553202,0.3407227567752346,0.00750604946969749,-0.34496581588968767,0.6342764947273871,-0.288060742340031,0.7159352577722555,0.02674142336028207,0.9739562125807756,0.0,,0.3934385781492349,0.4466013987759505,subgroup,"Dalc in (0.999, 2.0] ∧ school=='MS'",88.24460104372277,"[6, 11, 14, 41, 44, 45, 69, 85, 93, 95, 112, 119, 120, 124, 128, 132, 140, 152, 161, 189, 201, 202, 205, 208, 210, 224, 230, 278, 306, 311, 312]",31,4,0.8832,0.9981,3.1171,-0.8973,0.7103046082659119,0.6196088459610852,0.8125,7.0,0.22784998627353006,-0.8543656162946366,0.3125,3.0,0.1600118441389696,-1.1888588933317805,0.125,1.0
0.7501,2.0693,6.6693,-1.5289,-3.8645809022256934,-0.4257458736628963,0.2577384413818891,1.661250109164117,0.00019862636897553202,0.3407227567752346,0.00750604946969749,-0.34496581588968767,0.6342764947273871,-0.288060742340031,0.7159352577722555,0.02674142336028207,0.9739562125807756,0.0,,0.3934385781492349,0.4466013987759505,subgroup,"Dalc in (0.999, 2.0] ∧ failures in (-0.001, 3.0] ∧ school=='MS'",88.24460104372277,"[6, 11, 14, 41, 44, 45, 69, 85, 93, 95, 112, 119, 120, 124, 128, 132, 140, 152, 161, 189, 201, 202, 205, 208, 210, 224, 230, 278, 306, 311, 312]",31,4,0.8832,0.9981,3.1171,-0.8973,0.7103046082659119,0.6196088459610852,0.8125,7.0,0.22784998627353006,-0.8543656162946366,0.3125,3.0,0.1600118441389696,-1.1888588933317805,0.125,1.0
0.8887,1.0472,2.5272,-0.0166,-1.7126784857735786,0.1787872416667537,0.009380880829494315,0.9721962377985314,1.7443888451293282e-43,0.03221172222714552,0.019292444342588526,-0.2920515309835571,0.19654301308444247,0.039283277887936896,0.8695023195611555,0.1169858068312124,0.6304326610871325,0.4470985873898574,0.21073268758574165,-0.2053050902767419,0.1452874791792617,global,N/A,,,316,79,,,,,,,,,,,,,,,,
