r2,mae,mse,mean_residual,intercept,coef__total_attended_labsessions,pval__total_attended_labsessions,coef__active_minutes,pval__active_minutes,coef__nr_distinct_files_viewed,pval__nr_distinct_files_viewed,coef__total_course_activities,pval__total_course_activities,coef__distinct_days,pval__distinct_days,coef__nr_files_viewed,pval__nr_files_viewed,coef__nr_practice_exams_viewed,pval__nr_practice_exams_viewed,model_type,description,cookD,n_train,n_test,global_baseline_r2,global_baseline_mae,global_baseline_mse,global_baseline_mean_residual,mean_baseline_r2,mean_baseline_mae,mean_baseline_mse,mean_baseline_mean_residual,ttest_p,ttest_stat,wilcoxon_p,wilcoxon_stat,ttest_p_mean,ttest_stat_mean,wilcoxon_p_mean,wilcoxon_stat_mean,ttest_p_mean_global,ttest_stat_mean_global,wilcoxon_p_mean_global,wilcoxon_stat_mean_global
0.3604,0.9268,1.5464,0.3014,2.376621210586205,-0.08965345689835948,0.42621414900494625,-1.2031615498118998e-05,0.8001761632009855,0.04040385012824092,0.46144493787678775,0.009357238645328622,0.2952040301517733,0.025404243405437732,0.5891986914522049,-0.040769361331939084,0.29095127262115017,0.033723836319804044,0.6515351946941613,subgroup,"GPA in (1.2990000000000002, 5.6] ∧ origin=='ORIGIN_E'",158.38088628342297,70,14,-0.2154,1.2491,2.9385,-1.1667,-0.052333663930447916,1.2920408163265305,2.544338775510204,0.35571428571428526,0.10112426042137551,-1.3430055825535625,0.17877197265625,37.0,0.013035511111750386,-2.5104245053519616,0.0147705078125,18.0,0.6188195275061615,0.3088077519848912,0.5,52.0
-0.2082,0.6654,0.664,-0.2532,5.946034626926609,0.031111781566402805,0.17884679856185806,2.8086664577302615e-06,0.8865874890940431,0.05252231777447505,0.06867595069076382,-0.0005522386865117216,0.8973771397407976,0.04901541132780965,0.0015311557463220191,-0.011449296769195226,0.522463223576398,0.010583076447498493,0.6292856332183381,subgroup,"ECTS=='15' ∧ GPA in (7.0, 8.9] ∧ croho=='B Computer Science & Engineering'",118.78436396302172,102,23,-1.0453,0.894,1.124,0.7143,-0.15550687220799642,0.6657289002557544,0.6349826989619368,-0.29232736572889895,0.10108949589396861,-1.3146180764951936,0.11723542213439941,98.0,0.6346160173575537,0.34851310844366806,0.4940502643585205,137.0,0.90883099315995,1.37708398331511,0.9199475049972534,184.0
-0.1415,0.637,0.6188,-0.2515,6.043296041152015,0.039675520971319586,0.06854614978257932,9.764577716029072e-06,0.5978479280063002,0.05838825300400474,0.02354704322181834,-0.0007040699441635927,0.8400372355204784,0.04104390790297265,0.004093928446727314,-0.011524193239870445,0.43970365569258274,0.013713720639956406,0.5122176607050068,subgroup,"GPA in (7.0, 8.9] ∧ croho=='B Computer Science & Engineering'",118.02426539201196,121,24,-1.0166,0.8826,1.0931,0.7103,-0.13968728991410795,0.6524449035812672,0.6177856988366005,-0.2751721763085401,0.08220241701229285,-1.4362129729198048,0.09868919849395752,104.0,0.5052746083774613,0.013366347768812625,0.373462975025177,138.0,0.9110977770797442,1.3901070661534864,0.928324818611145,201.0
-0.1415,0.637,0.6188,-0.2515,6.043296041152015,0.039675520971319586,0.06854614978257932,9.764577716029072e-06,0.5978479280063002,0.05838825300400474,0.02354704322181834,-0.0007040699441635927,0.8400372355204784,0.04104390790297265,0.004093928446727314,-0.011524193239870445,0.43970365569258274,0.013713720639956406,0.5122176607050068,subgroup,"GPA in (7.0, 8.9] ∧ course_repeater==np.False_ ∧ croho=='B Computer Science & Engineering'",118.02426539201196,121,24,-1.0166,0.8826,1.0931,0.7103,-0.13968728991410795,0.6524449035812672,0.6177856988366005,-0.2751721763085401,0.08220241701229285,-1.4362129729198048,0.09868919849395752,104.0,0.5052746083774613,0.013366347768812625,0.373462975025177,138.0,0.9110977770797442,1.3901070661534864,0.928324818611145,201.0
0.0902,0.5879,0.5791,-0.1447,6.816392365291561,0.030162231141063634,0.17156838943579975,-5.645933273305077e-07,0.9778463097106338,0.04769024258344589,0.05601640623427301,-0.004201929843929296,0.34582019127223584,0.03348329603657055,0.021814723147120425,0.007574174606854896,0.6769095942328434,0.016597659763821604,0.48610210599943104,subgroup,"ECTS=='15' ∧ GPA in (7.0, 8.9] ∧ sex=='SEX_M'",115.08375294389728,115,23,-1.2046,0.9899,1.4033,0.9222,-0.06956996911380342,0.6439319470699434,0.6808045368620037,-0.21043478260869505,0.03337334810584487,-1.9288775987861801,0.03490853309631348,78.0,0.12296606771620673,-1.1920755659938977,0.1882610321044922,108.0,0.9325221408749707,1.5518928836355979,0.9570860862731934,194.0
0.2003,0.565,0.4907,-0.2114,7.498136324125735,0.02525129286296604,0.37329814868746924,4.056405237797491e-06,0.8665164464363924,0.057183107940871086,0.04738626644096877,-0.009427001202466215,0.09430708471340858,0.022509071995577293,0.24406016875281286,0.0333356722079467,0.16845361244399742,-0.00012960332935387994,0.9962420405362121,subgroup,"GPA in (7.0, 8.9] ∧ origin=='ORIGIN_E'",113.60662660253023,91,21,-0.689,0.8558,1.0365,0.7499,-0.033427732679593536,0.7052328623757196,0.6341637483395728,-0.14322344322344427,0.07735502307473378,-1.4790335035177782,0.0785670280456543,74.0,0.06192197002477273,-1.6064728863996045,0.07348203659057617,73.0,0.8580304815821569,1.1010766643834833,0.8713760375976562,148.0
0.2003,0.565,0.4907,-0.2114,7.498136324125735,0.02525129286296604,0.37329814868746924,4.056405237797491e-06,0.8665164464363924,0.057183107940871086,0.04738626644096877,-0.009427001202466215,0.09430708471340858,0.022509071995577293,0.24406016875281286,0.0333356722079467,0.16845361244399742,-0.00012960332935387994,0.9962420405362121,subgroup,"GPA in (7.0, 8.9] ∧ course_repeater==np.False_ ∧ origin=='ORIGIN_E'",113.60662660253023,91,21,-0.689,0.8558,1.0365,0.7499,-0.033427732679593536,0.7052328623757196,0.6341637483395728,-0.14322344322344427,0.07735502307473378,-1.4790335035177782,0.0785670280456543,74.0,0.06192197002477273,-1.6064728863996045,0.07348203659057617,73.0,0.8580304815821569,1.1010766643834833,0.8713760375976562,148.0
0.1037,0.602,0.5771,-0.1683,6.714630519141643,0.028468688052930805,0.14715487820142653,1.136722496915702e-05,0.5430381051593884,0.03817677964274675,0.09369199023992755,-0.0016928507080129149,0.6556439745748757,0.031635777914421646,0.015450431304785961,-0.0028174495691321855,0.858859181713912,0.013811248255432743,0.4824306095557883,subgroup,"ECTS=='15' ∧ GPA in (7.0, 8.9]",113.00294337601643,145,40,-0.7915,0.9031,1.1536,0.7712,-0.05246141462206566,0.6500000000000001,0.6776799048751483,-0.18379310344827474,0.02019276782831293,-2.120412298942385,0.01342636028311972,246.0,0.031033510259217106,-1.9209720233060432,0.021813180620483763,260.0,0.9402812225490773,1.5920943727882597,0.9815755428944613,564.0
0.1037,0.602,0.5771,-0.1683,6.714630519141643,0.028468688052930805,0.14715487820142653,1.136722496915702e-05,0.5430381051593884,0.03817677964274675,0.09369199023992755,-0.0016928507080129149,0.6556439745748757,0.031635777914421646,0.015450431304785961,-0.0028174495691321855,0.858859181713912,0.013811248255432743,0.4824306095557883,subgroup,"ECTS=='15' ∧ GPA in (7.0, 8.9] ∧ course_repeater==np.False_",113.00294337601643,145,40,-0.7915,0.9031,1.1536,0.7712,-0.05246141462206566,0.6500000000000001,0.6776799048751483,-0.18379310344827474,0.02019276782831293,-2.120412298942385,0.01342636028311972,246.0,0.031033510259217106,-1.9209720233060432,0.021813180620483763,260.0,0.9402812225490773,1.5920943727882597,0.9815755428944613,564.0
0.0267,0.6504,0.6519,-0.2624,6.709029885977737,0.03192040122414519,0.06227471623160662,1.9918566599488974e-05,0.23453543604964225,0.03266767800490468,0.09319048009348081,0.0003105484097017386,0.9178016842896366,0.024806928398766158,0.030461638417386475,-0.01090422351400993,0.39942611611310264,0.015798288767835636,0.37855128638998625,subgroup,"GPA in (7.0, 8.9]",112.16955186598985,185,47,-0.5104,0.8277,1.0116,0.6721,-0.11435616941849869,0.7060379528464634,0.7463815364530713,-0.27675675675675565,0.0734428494411419,-1.4755188533265,0.08114350408318671,431.0,0.01580039814633517,-2.2170631400469847,0.014768341919818795,359.0,0.8385185112008973,0.9991211244431948,0.8665247746402045,669.0
0.0267,0.6504,0.6519,-0.2624,6.709029885977737,0.03192040122414519,0.06227471623160662,1.9918566599488974e-05,0.23453543604964225,0.03266767800490468,0.09319048009348081,0.0003105484097017386,0.9178016842896366,0.024806928398766158,0.030461638417386475,-0.01090422351400993,0.39942611611310264,0.015798288767835636,0.37855128638998625,subgroup,"GPA in (7.0, 8.9] ∧ course_repeater==np.False_",112.16955186598985,185,47,-0.5104,0.8277,1.0116,0.6721,-0.11435616941849869,0.7060379528464634,0.7463815364530713,-0.27675675675675565,0.0734428494411419,-1.4755188533265,0.08114350408318671,431.0,0.01580039814633517,-2.2170631400469847,0.014768341919818795,359.0,0.8385185112008973,0.9991211244431948,0.8665247746402045,669.0
0.187,0.5817,0.509,-0.2353,7.154006759492221,0.02394119280897497,0.42310685665731507,6.0733517560475965e-06,0.8106500309678278,0.054484229353515226,0.08705142867105149,-0.007637371597631733,0.20163872218152093,0.027203772397777354,0.19104570853469227,0.026670625801225478,0.29067261257603977,-0.0066426521676532235,0.8182241995004884,subgroup,"ECTS=='15' ∧ GPA in (7.0, 8.9] ∧ origin=='ORIGIN_E'",111.71196500811692,78,19,-0.7794,0.889,1.1142,0.7719,-0.03265031754458425,0.7061403508771932,0.646593567251462,-0.142982456140351,0.07751396700498524,-1.4843094299898627,0.09781646728515625,62.0,0.05700334419458298,-1.6611230472849308,0.07234382629394531,58.0,0.8698456629463488,1.1622609919243576,0.9021835327148438,127.0
-0.0581,0.6852,0.7323,-0.3015,6.675434931431387,0.03266804259158326,0.10149139341872895,9.626257294057583e-06,0.6049713048393301,0.04858083236471902,0.03284869552785367,-0.001936277697070686,0.5805410279413494,0.026496947315223146,0.0417673798220125,-0.003815088085246672,0.7950018133814083,0.02770938145461073,0.21226294775760593,subgroup,"GPA in (7.0, 8.9] ∧ sex=='SEX_M'",111.2805369463378,143,27,-0.7696,0.9017,1.2247,0.7774,-0.18338065164143025,0.7334628334628335,0.8190162880372666,-0.35625485625485553,0.11052596101803572,-1.2538547787511132,0.1741638034582138,149.0,0.1328119255596633,-1.1376950722689638,0.14504063874483109,144.0,0.8267796451515395,0.958902354739431,0.8001285865902901,224.0
-0.0581,0.6852,0.7323,-0.3015,6.675434931431387,0.03266804259158326,0.10149139341872895,9.626257294057583e-06,0.6049713048393301,0.04858083236471902,0.03284869552785367,-0.001936277697070686,0.5805410279413494,0.026496947315223146,0.0417673798220125,-0.003815088085246672,0.7950018133814083,0.02770938145461073,0.21226294775760593,subgroup,"GPA in (7.0, 8.9] ∧ course_repeater==np.False_ ∧ sex=='SEX_M'",111.2805369463378,143,27,-0.7696,0.9017,1.2247,0.7774,-0.18338065164143025,0.7334628334628335,0.8190162880372666,-0.35625485625485553,0.11052596101803572,-1.2538547787511132,0.1741638034582138,149.0,0.1328119255596633,-1.1376950722689638,0.14504063874483109,144.0,0.8267796451515395,0.958902354739431,0.8001285865902901,224.0
-0.1848,0.6539,0.6424,-0.3634,7.33610140850908,0.014938525453398369,0.6430643727301446,6.043579393307145e-06,0.8202521570413664,0.06930189992751613,0.03671447256013455,-0.009127073036582566,0.1433080452964368,0.017737907719188747,0.41464380673234724,0.03140338930589119,0.2435462715104926,0.001314116969376361,0.967883210736877,subgroup,"GPA in (7.0, 8.9] ∧ origin=='ORIGIN_E' ∧ sex=='SEX_M'",110.44752890315428,77,9,-1.4016,0.8879,1.3022,0.8063,-0.07765249440786914,0.6894660894660894,0.5843271303011558,-0.20519480519480393,0.22549947706360957,-0.792372426686137,0.3671875,19.0,0.6969985211628047,0.5368077698981185,0.6328125,25.0,0.8171715778593328,0.9589665607304845,0.751953125,28.0
-0.1574,0.5721,0.5142,-0.1823,5.7790556230984125,0.035620293452471356,0.13777126634684414,8.847114090607274e-06,0.6625068533124112,0.0723038688056785,0.013041362493857117,-0.0015695073146237588,0.6820252028279739,0.041441068381379,0.010784658252426667,-0.009855023795448503,0.5419887002096913,0.028931417774574253,0.251577674150068,subgroup,"GPA in (7.0, 8.9] ∧ croho=='B Computer Science & Engineering' ∧ sex=='SEX_M'",106.33496418648939,100,15,-1.8264,0.9447,1.2557,0.8958,-0.11598664465786257,0.5964666666666667,0.4957956666666666,-0.22699999999999954,0.06188075456530562,-1.6376744657003277,0.08441162109375,35.0,0.6082646253670463,0.2801348420272088,0.64013671875,66.0,0.9426114939347612,1.6817607259529355,0.93231201171875,86.0
-0.0443,0.9919,1.6395,-0.4588,0.15824813888637668,-0.04014293887573152,0.6451845143004105,5.6974735454696845e-05,0.2503626887195065,0.05191436029114767,0.3363498765031008,0.03375893783101931,0.0004406217272349865,-0.007167996907591456,0.8669990471335998,-0.16537039186049346,0.0001706943786067983,0.15607813852353297,0.01998481396767219,subgroup,"GPA in (1.2990000000000002, 5.6] ∧ course_repeater==np.False_ ∧ croho=='B Industrial Engineering'",89.8560069189037,83,19,-1.5767,1.6617,4.0454,-1.5523,-0.031088582190878622,0.9518072289156628,1.6187805120290928,-0.22092580849714594,0.002717966569262307,-3.1585080546775846,0.000705718994140625,20.0,0.5162542943063427,0.041325421473685106,0.615997314453125,102.0,0.9943185942591265,2.8190534924938455,0.9980411529541016,163.0
0.0364,1.0221,1.7715,-0.3077,0.27655927513201206,-0.04895894803197556,0.5724185804116722,5.774663173669194e-05,0.2420900593558147,0.044867966589718755,0.40204564499410034,0.03504736421481831,0.00021825639571567944,-0.008033622081249081,0.8495924591142411,-0.1718872268827351,6.730497591857703e-05,0.1596454067526904,0.01688130132251286,subgroup,"GPA in (1.2990000000000002, 5.6] ∧ croho=='B Industrial Engineering'",89.31604037630744,86,21,-1.0472,1.6016,3.7637,-1.3893,-0.0047857312763814885,1.0056478405315616,1.8472108475623894,-0.09379844961240295,0.00830376302633561,-2.6142262221738646,0.0035505294799804688,40.0,0.43590455385483995,-0.16344409537980026,0.48642921447753906,114.0,0.9812320605516116,2.2277939105237055,0.9943265914916992,186.0
0.094,0.8813,1.3621,0.2869,1.4964797569741535,0.003900590908089363,0.946929447611855,1.2430132389716365e-05,0.7028544845425522,0.049360802634107456,0.1797808939293672,0.03202011456029498,2.2827743159967868e-07,-0.0396371018180547,0.20043849304262987,-0.15418818951145696,1.758331221530105e-07,0.13108136375573143,0.005290599058816763,subgroup,"GPA in (1.2990000000000002, 5.6] ∧ sex=='SEX_M'",85.15339690432822,159,39,-0.5158,1.122,2.2788,-0.7915,-0.09469858714575397,1.0146589259796805,1.6456896787797466,0.37731011127237535,0.043977017168517714,-1.7513525191888397,0.12635676851095923,307.0,0.15921088711572823,-1.0109769836803664,0.2558017710380227,342.0,0.8551660212203837,1.0738361523664353,0.7441982289619773,437.0
-0.8106,0.9398,1.2658,0.8127,0.5511085322420299,0.03356569421668765,0.629765080404377,7.488609788987928e-05,0.1014301802026852,0.03542933077420529,0.46874461342640794,0.047407191119113914,6.129273965813431e-08,-0.07035229103883557,0.11933847428390308,-0.22160475150533035,1.9624774081280324e-07,0.14101667874987303,0.014331541810059406,subgroup,"GPA in (1.2990000000000002, 5.6] ∧ origin=='ORIGIN_N' ∧ sex=='SEX_M'",84.48695674674994,76,17,-0.4194,0.8081,0.9923,-0.2655,-0.5072707483392405,0.9054179566563472,1.0537335017109348,0.5955108359133137,0.7101722985413816,0.5653837386693449,0.741455078125,90.0,0.7683960895323638,0.7515948973363172,0.7707138061523438,92.0,0.446064811747675,-0.13778474786969896,0.40879058837890625,71.0
0.0901,0.8246,1.2241,0.1311,1.5458862424361308,0.013381773173217426,0.8395265467885483,1.5368810254065996e-05,0.6503188500140682,0.04327138730527913,0.288591101085799,0.03001412420431327,1.895765153579537e-05,-0.029916849314335567,0.3933529726183894,-0.1431189325697499,1.984733026559157e-05,0.11151057330132326,0.024181392752848425,subgroup,"GPA in (1.2990000000000002, 5.6] ∧ course_repeater==np.False_ ∧ sex=='SEX_M'",83.0725838929214,139,34,-0.9076,1.2294,2.5665,-0.9528,-0.020293168689532015,0.8992594159966144,1.372709136964656,0.165234870926788,0.008608021571153684,-2.5085284224825934,0.024191047938074917,182.0,0.3083775007647744,-0.5052301939489915,0.5336164160980843,302.0,0.9707394415912818,1.9597044235746526,0.9609423861838877,400.0
0.025,0.8738,1.3143,-0.0128,1.3728847085017692,0.0010935294425239994,0.9839961003837541,2.7131569042438575e-05,0.35771694449890057,0.05161733092934323,0.10464528624018216,0.026268776457797845,2.6298013361942894e-06,-0.007514332265021113,0.7855649698107277,-0.1283755716714655,5.108332273993233e-07,0.08752370706678549,0.03866806792527239,subgroup,"GPA in (1.2990000000000002, 5.6] ∧ course_repeater==np.False_",74.90117747093223,181,42,-1.0011,1.3072,2.6976,-1.0443,-0.008935020986851283,0.9152459878979216,1.360054703545592,0.10974743488555612,0.0010994036403108496,-3.2674520511970218,0.0025525179112264595,231.0,0.42868002104508873,-0.1808709078594968,0.5,451.0,0.9932127890704913,2.5795989814796596,0.993654404964218,648.0
0.1006,0.8989,1.3524,0.0918,1.4803822633376067,-0.005059298808890278,0.9174121138604843,2.5616084074071727e-05,0.3660940425773511,0.05159137023449798,0.06597432042242182,0.02622437075820251,9.091152214581828e-08,-0.011420025187694305,0.6476077358584094,-0.1288426587116768,7.178469863901285e-09,0.10621967467473865,0.0048915300206336535,subgroup,"GPA in (1.2990000000000002, 5.6]",72.68127939276286,212,49,-0.5805,1.1963,2.3765,-0.8998,-0.04121602333013907,1.0047362341162875,1.5655535051329175,0.2489410858683082,0.006169155769827404,-2.6004372012727184,0.017502584512055108,401.0,0.17643927748165955,-0.9381216921946101,0.1254977978098406,496.0,0.9469512511522983,1.6469654701326792,0.9111560477307012,748.0
-0.2733,0.9355,1.2433,0.42,0.6216044878405612,0.010611090301153397,0.8680707410451374,8.183123221572704e-05,0.0696005128926777,0.07497492350553162,0.08823998380267012,0.039848091637704704,8.450591644009265e-08,-0.05738161142249279,0.16893088519914634,-0.19573381993921035,7.119844832660287e-08,0.14390619046827435,0.008069487955514472,subgroup,"GPA in (1.2990000000000002, 5.6] ∧ origin=='ORIGIN_N'",67.76375023622997,96,24,-0.5379,1.0019,1.5017,-0.5494,-0.11449610645901132,0.9281250000000001,1.0883170572916667,0.33437500000000026,0.2830016472997724,-0.58233988061591,0.352378249168396,136.0,0.7471753008647821,0.6762124511366602,0.6050810813903809,159.0,0.844609025322631,1.0364172106916272,0.7888292670249939,178.0
-0.3423,0.792,0.9994,-0.3539,7.680509394840519,0.025295373730383264,0.39722038352453415,-1.0270970658375015e-05,0.7324413211837817,-0.0010704567800438602,0.9706356290786493,0.00463449837703743,0.4295615200237821,-0.03725930682156761,0.06885614417926449,-0.020233907667738457,0.44450663101186927,0.07176860455995362,0.003692360600455519,subgroup,"ECTS=='15' ∧ GPA in (6.3, 7.0]",66.08441968698288,88,23,-0.0449,0.6768,0.778,0.0472,-0.15397642880718942,0.7461956521739128,0.8591779891304341,-0.3385869565217385,0.7960091977703541,0.8435830611892564,0.7949801683425903,165.0,0.9558462887566436,1.783503231121693,0.8499332666397095,172.0,0.3635445011365662,-0.35348601077293784,0.27997922897338867,118.0
-0.3423,0.792,0.9994,-0.3539,7.680509394840519,0.025295373730383264,0.39722038352453415,-1.0270970658375015e-05,0.7324413211837817,-0.0010704567800438602,0.9706356290786493,0.00463449837703743,0.4295615200237821,-0.03725930682156761,0.06885614417926449,-0.020233907667738457,0.44450663101186927,0.07176860455995362,0.003692360600455519,subgroup,"ECTS=='15' ∧ GPA in (6.3, 7.0] ∧ course_repeater==np.False_",66.08441968698288,88,23,-0.0449,0.6768,0.778,0.0472,-0.15397642880718942,0.7461956521739128,0.8591779891304341,-0.3385869565217385,0.7960091977703541,0.8435830611892564,0.7949801683425903,165.0,0.9558462887566436,1.783503231121693,0.8499332666397095,172.0,0.3635445011365662,-0.35348601077293784,0.27997922897338867,118.0
-0.1989,0.9124,1.1364,0.3553,0.4517001711622466,0.024521172907306876,0.738296173208979,8.008906252156045e-05,0.08482995586618258,0.061071073546957705,0.1918727238135097,0.04184699636646509,1.2333731802679432e-06,-0.05322659861127721,0.24222265258971312,-0.20090451231590917,1.0926552957610924e-06,0.12753985321982964,0.02604845380015763,subgroup,"GPA in (1.2990000000000002, 5.6] ∧ course_repeater==np.False_ ∧ origin=='ORIGIN_N'",66.03363803556395,82,21,-0.7671,1.0871,1.6751,-0.6009,-0.024013392958919466,0.8753774680603948,0.9706532392850058,0.15087108013937275,0.12497487756143279,-1.1848914274852043,0.2159557342529297,92.0,0.7618809788068994,0.7260193955654443,0.6460328102111816,126.0,0.9585691427483666,1.8257238169845011,0.9160966873168945,155.0
-0.0264,0.8003,0.9444,-0.1479,6.010591430698517,0.09049340019455815,0.024159897399840313,5.568091726212938e-05,0.2554648815860159,0.06169395254834906,0.0957397782054976,0.009723627244364083,0.18501035518729894,-0.04560803334031979,0.12818445778924092,-0.05142966218325895,0.11852289945880007,0.0436543605348417,0.17202629670952593,subgroup,ECTS=='15' ∧ sex=='SEX_V',57.9273193251372,70,26,0.1696,0.6858,0.7641,0.2578,-0.00519239634247004,0.7730769230769232,0.9249108320251183,-0.06912087912088165,0.8362310745747783,0.998639399209447,0.7737637460231781,205.0,0.5464512985758812,0.11788935813255705,0.6460771262645721,190.0,0.20806756956702044,-0.8268669902149809,0.2658315747976303,150.0
-0.0264,0.8003,0.9444,-0.1479,6.010591430698517,0.09049340019455815,0.024159897399840313,5.568091726212938e-05,0.2554648815860159,0.06169395254834906,0.0957397782054976,0.009723627244364083,0.18501035518729894,-0.04560803334031979,0.12818445778924092,-0.05142966218325895,0.11852289945880007,0.0436543605348417,0.17202629670952593,subgroup,ECTS=='15' ∧ course_repeater==np.False_ ∧ sex=='SEX_V',57.9273193251372,70,26,0.1696,0.6858,0.7641,0.2578,-0.00519239634247004,0.7730769230769232,0.9249108320251183,-0.06912087912088165,0.8362310745747783,0.998639399209447,0.7737637460231781,205.0,0.5464512985758812,0.11788935813255705,0.6460771262645721,190.0,0.20806756956702044,-0.8268669902149809,0.2658315747976303,150.0
0.0373,0.8588,1.0632,-0.2768,5.736319005199438,0.05305333068891952,0.09133992524469126,2.8077516942277066e-05,0.5328534798797269,0.05738913170476714,0.061138928812106114,0.0019604191472697924,0.7788438321568604,0.01472888317758872,0.5246083225763025,-0.022716663741298642,0.45387634918967834,0.038482301631385746,0.1555760271050062,subgroup,ECTS=='15' ∧ origin=='ORIGIN_R',48.1160063084614,88,17,0.1206,0.7771,0.9712,0.1616,-0.08280263889025519,0.9157754010695188,1.1958787068546424,-0.30240641711229865,0.6473926953285736,0.38512742456307597,0.4816131591796875,75.0,0.16401690485621556,-1.0089082287394218,0.20188140869140625,58.0,0.25501321346681494,-0.6738479367934376,0.40879058837890625,71.0
0.116,0.832,0.9763,-0.2958,5.547620017744833,0.05253217990066322,0.09199545151358665,1.8168677496793468e-05,0.6830481037001983,0.06934212487470985,0.025437770715939962,0.003673794099000191,0.5966037254735674,0.0040916594976196236,0.8605383699867374,-0.030690993121191223,0.3107863343930029,0.04959806753812526,0.06926066010739602,subgroup,ECTS=='15' ∧ course_repeater==np.False_ ∧ origin=='ORIGIN_R',47.12264674270413,86,17,0.1206,0.7771,0.9712,0.1616,-0.09784417147089797,0.9142270861833106,1.212491012630039,-0.3287277701778393,0.5091780901836593,0.0233703766087356,0.37332916259765625,69.0,0.08188855549791553,-1.4595185438088345,0.087127685546875,47.0,0.24558671265792764,-0.7046256788490212,0.42681884765625,72.0
-0.7211,0.7482,0.9724,0.262,6.32560398453551,-0.006053503249050282,0.8665823069171574,-0.00010587731661769435,0.2146505830625624,0.0338675346226308,0.3263819986857356,3.646520943047238e-05,0.9957037278764669,-0.0442996499044089,0.06381484029605124,0.01675438789148065,0.5950783186363946,0.05467174727234323,0.14647399668665162,subgroup,"GPA in (5.6, 6.3] ∧ origin=='ORIGIN_N'",44.45533895634541,78,16,-0.6815,0.7484,0.9501,-0.0558,-0.11636499042897919,0.6149038461538461,0.6307462195923732,0.2564102564102562,0.5185933851716525,0.047408345734981865,0.5500335693359375,70.0,0.8468909156345202,1.059312633313945,0.9416656494140625,98.0,0.8564551983667169,1.1037609042071566,0.8627777099609375,89.0
0.1115,0.7025,0.7556,-0.252,4.607395518239411,0.05180759673264211,0.032066572058448324,-1.888871542020415e-05,0.3729460541998658,0.08628512525865475,0.0005352218213473563,0.0009056809576077126,0.8263873609913868,0.033668953195578305,0.028475756969650306,-0.01592668158361074,0.3697636487780327,0.03569097942811283,0.08100395918354229,subgroup,ECTS=='15' ∧ course_repeater==np.False_ ∧ croho=='B Computer Science & Engineering',43.28250968494221,178,40,-0.0488,0.7663,0.8919,0.4672,-0.07678047590486914,0.7671067415730337,0.9157412258553214,-0.25553370786516866,0.27061551846211507,-0.6163709750157212,0.18410008471528272,342.0,0.08802741396841533,-1.3780130414352392,0.1876902802796394,343.0,0.4618639233750146,-0.09636036141334697,0.5502424347769193,419.0
-0.1825,0.9546,1.393,0.0942,1.6364998867408884,0.0394241012784923,0.44712550181638044,-1.8992525795248117e-05,0.5515728282275858,0.049718794650590155,0.14939692845292543,0.023011210289415607,0.000127450637562861,-0.004433499810753722,0.8754228055439348,-0.10203754320648892,0.00023893979584713204,0.04296381495309523,0.29401096465757365,subgroup,ECTS=='5' ∧ sex=='SEX_M',42.968629495063944,94,32,-0.722,1.0718,2.0284,-0.6734,-0.0706887036362176,0.9003989361702127,1.2612378338614758,0.288563829787234,0.04239512134972202,-1.7805447606615696,0.12697401409968734,202.0,0.6853104493376789,0.48743552383294275,0.6125240926630795,279.0,0.952848625957381,1.7260030572060745,0.7196213216520846,295.0
-0.1728,0.9576,1.4063,0.0712,1.7233205896279726,0.03788197679866791,0.4673500746865612,-1.8610361431502172e-05,0.5611977944877342,0.04966841535935708,0.15140038087956856,0.022515694087111227,0.00021284929045994658,-0.00441378701435291,0.8764489462364344,-0.10022049180492618,0.00034859362890129927,0.044035768518107615,0.28456684884082467,subgroup,ECTS=='5' ∧ course_repeater==np.False_ ∧ sex=='SEX_M',42.76696704696038,93,31,-0.7452,1.1,2.0926,-0.6887,-0.04795144011493968,0.887998612556365,1.2565602959879758,0.23978494623655966,0.03442911455844395,-1.887090164545621,0.09769844356924295,181.0,0.707112981957339,0.5509115891249082,0.6890281881205738,273.0,0.9638225098608816,1.8624802307153938,0.7778828595764935,287.0
0.0669,0.4457,0.2912,-0.1177,6.493342722312047,-0.007258268004775352,0.8278742123225238,-6.877887274879183e-05,0.33302085687083216,0.035916017712098736,0.30259551494559883,-0.0012172560185983242,0.8625738004703968,0.01065060518944614,0.7031002086904484,0.002533729202867846,0.9299845085073153,0.010463307430622688,0.8002696851463454,subgroup,"ECTS=='10' ∧ GPA in (6.3, 7.0]",41.85709283752529,74,19,-2.1336,0.8245,0.9779,0.0951,-0.04118541512326157,0.4863442389758177,0.32493060628195725,-0.11337126600284411,0.011187967897727637,-2.498537457097195,0.01446533203125,41.0,0.1847705179168858,-0.9203883472414274,0.23265838623046875,76.0,0.9863670675162254,2.4028679357788505,0.98553466796875,148.0
0.0669,0.4457,0.2912,-0.1177,6.493342722312047,-0.007258268004775352,0.8278742123225238,-6.877887274879183e-05,0.33302085687083216,0.035916017712098736,0.30259551494559883,-0.0012172560185983242,0.8625738004703968,0.01065060518944614,0.7031002086904484,0.002533729202867846,0.9299845085073153,0.010463307430622688,0.8002696851463454,subgroup,"ECTS=='10' ∧ GPA in (6.3, 7.0] ∧ course_repeater==np.False_",41.85709283752529,74,19,-2.1336,0.8245,0.9779,0.0951,-0.04118541512326157,0.4863442389758177,0.32493060628195725,-0.11337126600284411,0.011187967897727637,-2.498537457097195,0.01446533203125,41.0,0.1847705179168858,-0.9203883472414274,0.23265838623046875,76.0,0.9863670675162254,2.4028679357788505,0.98553466796875,148.0
0.1204,0.7045,0.7481,-0.2413,4.442594158631069,0.05056083181367774,0.037841821041696,-1.742086523169672e-05,0.41468181747913313,0.0951944201686607,0.00012265950234885046,0.00039349459068897547,0.9245426807714756,0.03448999960552397,0.02600353623240243,-0.014543903593479611,0.4161211783998755,0.035571101007903186,0.08452115685443486,subgroup,ECTS=='15' ∧ croho=='B Computer Science & Engineering',40.58370917866325,179,40,-0.0488,0.7663,0.8919,0.4672,-0.0671237285343036,0.7637849162011172,0.9075287054086949,-0.2389245810055864,0.2558372467097794,-0.6622992358322242,0.18410008471528272,342.0,0.0929319860943537,-1.346660309109685,0.21010612540612783,349.0,0.4746560328044654,-0.06398113981204843,0.5397038658484234,417.0
-1.0109,0.7321,0.9113,0.3678,6.156900403136838,0.01664279700866647,0.656176951054795,-6.960958607745012e-05,0.4282188788438913,0.04214064749942034,0.22747925223203205,-0.0004462286160825304,0.9506521099045184,-0.033371653617996454,0.18630641142166346,0.007928194646815028,0.8109845005501353,0.05888389188514202,0.12683181580250816,subgroup,"GPA in (5.6, 6.3] ∧ course_repeater==np.False_ ∧ origin=='ORIGIN_N'",39.15795278617288,72,15,-0.7483,0.6769,0.7923,0.0619,-0.4213132669129518,0.6154629629629632,0.6440760030864201,0.4369444444444451,0.6190970387036248,0.3090889228514034,0.5548095703125,62.0,0.8553785388498782,1.1015327098810228,0.939727783203125,87.0,0.6828498283160066,0.48626836123605455,0.6806640625,68.0
0.1674,0.6947,0.7481,-0.1351,5.6542663467167005,0.05335186420647357,0.0041912904070229755,6.696309839817477e-06,0.7258813803215742,0.06559985186128038,0.0002500578318006918,-0.0003624037055225439,0.9159601521658736,0.00973062593423868,0.4334401997403555,-0.005615559473411996,0.7009481315803967,0.0273006767104818,0.09860257051645753,subgroup,ECTS=='15' ∧ course_repeater==np.False_,38.91745228438012,301,78,-0.0078,0.7578,0.9054,0.4197,-0.01340004114008897,0.783878524576199,0.9104959629980874,-0.10972399693329885,0.1327773211278704,-1.1215136812798767,0.12342693370523389,1308.0,0.006994693962919666,-2.5149419458396856,0.008933866653806138,1065.0,0.4873218539553061,-0.03188821760419381,0.31009366914819203,1441.0
0.0877,0.7237,0.7981,-0.1424,5.685495216203076,0.04801189579959996,0.02599623121840312,-6.385097602008507e-07,0.9761862493221642,0.07295440610097542,0.000526164438369056,-0.003484100973888753,0.39034237979045416,0.01785014559730714,0.20425401524256767,0.007292822745716528,0.6665148673336356,0.027820825132038207,0.15387189657245265,subgroup,ECTS=='15' ∧ course_repeater==np.False_ ∧ sex=='SEX_M',38.05546803685496,231,52,-0.1158,0.7939,0.9761,0.5007,-0.024966558540938433,0.7843822843822844,0.8966334675425582,-0.14778554778554642,0.19627745076249636,-0.8623077606781904,0.21144754859181358,601.0,0.06457256248850396,-1.5424577208660473,0.07903799754147267,534.0,0.6425992024698346,0.3674530587162043,0.4241667263487875,668.0
0.1685,0.6929,0.7471,-0.1197,5.590755547737642,0.05254992395031777,0.005004523257323943,8.458452945894881e-06,0.6600666741707526,0.0670310168457321,0.00016721129328245673,-0.000877071086960883,0.7995396171216002,0.012885681906662755,0.2999196659211111,-0.0036414508476766347,0.8043156947890154,0.02515035529554148,0.12962335581029102,subgroup,ECTS=='15',37.19958053610683,304,78,-0.0078,0.7578,0.9054,0.4197,-0.009777120713227783,0.783468286099865,0.9072409262021451,-0.09372469635627437,0.129248572517243,-1.138366111142148,0.11355585988210376,1298.0,0.008578650257585084,-2.436096945331061,0.008579335738346482,1062.0,0.4954008551643454,-0.011566097172078894,0.3048411116737134,1438.0
0.1863,0.6774,0.6243,0.0935,3.1608099003103565,0.08229644628532032,0.03375128680062638,-9.106354658934595e-05,0.24036667291928288,0.01967111545336704,0.5407722857876749,0.015372780890104956,0.009317741936185583,-0.007950639605928914,0.7795344419787109,-0.05618962883910891,0.02691251473527682,0.0414831301381654,0.4385382771767278,subgroup,croho=='B Industrial Design',36.572038218314816,123,30,-0.3298,0.845,1.0202,-0.3395,-0.13199211421138668,0.7889430894308946,0.8684140392623443,0.3182113821138219,0.032827380462847416,-1.9131016140870665,0.027460814453661442,139.0,0.05002292461765832,-1.698886427807324,0.08859635517001152,166.0,0.6898838744524387,0.5008856923881055,0.6795872980728745,255.0
0.0838,0.7248,0.8014,-0.1219,5.631885185488322,0.0473222332766606,0.028949060678283938,1.7969434409029673e-06,0.9334709209398351,0.0748715322024079,0.00032666684137568254,-0.004222311029622529,0.30013247815805977,0.02134576037922067,0.1291232411048876,0.010106249127433279,0.5521499814382858,0.025349507414272013,0.19530739457935511,subgroup,ECTS=='15' ∧ sex=='SEX_M',36.39445205028575,234,52,-0.1158,0.7939,0.9761,0.5007,-0.01853939527550663,0.7835963182117028,0.8910110307546206,-0.12735042735042676,0.19881172663358093,-0.8530442228735675,0.20882195504861734,600.0,0.08615400631364697,-1.3842547260772748,0.10116022417929327,549.0,0.6544883361756468,0.3997317873153067,0.44207489994849225,673.0
0.1379,0.6935,0.6292,0.1958,2.8537106017164247,0.09602384311663142,0.02156430271172406,-5.9468363290756765e-05,0.47239421795508585,0.02757918696984165,0.44393901667216984,0.01695055386699948,0.012718343616505777,-0.012730968393685461,0.7013862716971075,-0.06484671813273733,0.028142145094176233,0.03260706946331608,0.5783851279137993,subgroup,course_repeater==np.False_ ∧ croho=='B Industrial Design',36.24761576832446,101,24,-0.2495,0.8192,0.9119,-0.2297,-0.1340163757500139,0.7646452145214516,0.8276547642387992,0.3127475247524737,0.09926322711158081,-1.3239545203846608,0.16525256633758545,115.0,0.13273014012404935,-1.141371109229547,0.1951233148574829,119.0,0.6038430056832116,0.26638807559365174,0.5833132863044739,157.0
-0.4891,0.9761,1.3853,0.2024,0.3490080586294688,0.04184534868316399,0.2914952689935041,5.9488186569925515e-05,0.2502591791482907,0.0720872668252146,0.05853231296917666,0.024246911615361758,0.0005549760361784397,0.024576790407089134,0.4729255991857596,-0.12109410283490345,0.0002024765028265336,0.0740467206006854,0.08742524990802795,subgroup,ECTS=='5' ∧ origin=='ORIGIN_N',35.45882063302786,81,17,-0.5665,1.0139,1.4573,-0.6263,-0.050275124503791124,0.8246913580246913,0.977082941086814,0.21626724763979624,0.4388538907450747,-0.15635661678460763,0.42681884765625,72.0,0.7902390539484249,0.8285969738648398,0.6779327392578125,86.0,0.8542438533675317,1.0908085680220865,0.7981185913085938,94.0
-0.4831,0.9749,1.3797,0.2004,0.37465823186626235,0.04175949702476675,0.29583852320426124,5.937895457844729e-05,0.25442099974290583,0.07205439353813534,0.06038882441901486,0.024103493301893875,0.0007507935735002357,0.024501801847650353,0.47734406283633224,-0.1205062427652872,0.00027225543329476655,0.0741378690593894,0.08925434458992912,subgroup,ECTS=='5' ∧ course_repeater==np.False_ ∧ origin=='ORIGIN_N',35.29202814215552,80,17,-0.5665,1.0139,1.4573,-0.6263,-0.03702307892583523,0.8120588235294119,0.964754411764706,0.18558823529411786,0.4338655818557398,-0.16923725731095582,0.42681884765625,72.0,0.7950909790267007,0.8463865082966964,0.6779327392578125,86.0,0.8651056435023932,1.1431614055809112,0.7981185913085938,94.0
-0.4695,0.8962,1.1193,-0.2175,2.7640382817651603,0.04131829950916138,0.26989323480061633,-5.3101185253166274e-05,0.27596685711281194,0.08699530937667502,0.017671032621463165,0.011341359461615685,0.08652739998777872,0.05622864843865666,0.033047815900710785,-0.06937916663694457,0.012867758197614732,0.06740576097338366,0.048707058645527455,subgroup,croho=='B Computer Science & Engineering' ∧ origin=='ORIGIN_R',35.23293697920752,80,14,-0.2476,0.8686,0.9503,0.2993,-3.520831937842139e-05,0.7523214285714285,0.7617104910714286,-0.005178571428572175,0.6802065051439983,0.47944525535947424,0.357421875,46.0,0.8603924188231653,1.1292120957785905,0.7684326171875,64.0,0.7869046544057678,0.8214646762804351,0.74920654296875,63.0
0.05,0.7402,0.8287,-0.2193,4.356449219352574,0.04287870513091992,0.12432395690479092,-2.3830682393387667e-05,0.31287370692359157,0.10985417417974418,0.0001051211238353894,-0.0019446414780378337,0.6787092949676419,0.030636939867406884,0.07463616989842639,-0.0032738907638771783,0.8690237726649321,0.0460094125640791,0.05257115493638256,subgroup,ECTS=='15' ∧ croho=='B Computer Science & Engineering' ∧ sex=='SEX_M',35.10182446793041,145,30,-0.0849,0.7851,0.9463,0.53,-0.09610387375931784,0.7939080459770115,0.9561557669441142,-0.2895402298850577,0.3316793072376484,-0.4397771605372176,0.22608217131346464,195.0,0.18545784057778675,-0.9088601440954436,0.2849287986755371,204.0,0.4870683366782687,-0.03270149198829429,0.4435974042862654,225.0
-0.4747,0.9024,1.1233,-0.217,2.6961865750383622,0.04146417927312315,0.27747416525615126,-5.089103589179229e-05,0.31175983236422716,0.09086669791301275,0.015997050778360125,0.011168399155346866,0.09820904549194605,0.05676364325561857,0.03902539304524009,-0.06926302198774001,0.015046455862625392,0.0665254931906605,0.05662994512894097,subgroup,course_repeater==np.False_ ∧ croho=='B Computer Science & Engineering' ∧ origin=='ORIGIN_R',34.47236046518914,77,14,-0.2476,0.8686,0.9503,0.2993,-0.002197176829832115,0.75,0.7633572271883962,-0.040909090909090375,0.6866867379402513,0.4982560026619083,0.357421875,46.0,0.8680899227662897,1.1679017776049716,0.786865234375,65.0,0.7768281589623672,0.7853188666281553,0.786865234375,65.0
-0.2778,0.9633,1.4701,0.0103,1.234962755224471,0.027236009306435743,0.44463176309076624,-1.1318287127669611e-05,0.6927060609002216,0.07239392075152706,0.013336207117770641,0.02183399019552494,1.0418652767305986e-05,0.010387187425968539,0.6634241001910413,-0.10328526509007999,4.779206773837637e-06,0.03762441683325857,0.2773640056159701,subgroup,ECTS=='5',32.32358720866111,132,40,-0.6722,1.0674,1.9238,-0.6267,-0.03218347594310589,0.8577272727272724,1.1875270890725431,0.19242424242424203,0.04307957079043429,-1.760527654531517,0.10320648256856657,315.0,0.8771196549785982,1.1784423362328742,0.7898938745938722,470.0,0.9807362409452403,2.141624797642789,0.8814748446811791,498.0
-0.2713,0.967,1.4861,-0.0094,1.3008043381852548,0.026751854631335448,0.45413899417415793,-1.1136296475082572e-05,0.6982158351914637,0.07219040808891858,0.01386446605147227,0.02147326506603333,1.7677120457768025e-05,0.010424308445785367,0.6631781162098953,-0.10194627497889737,7.405200502215117e-06,0.03841401257837888,0.2691806263277345,subgroup,ECTS=='5' ∧ course_repeater==np.False_,32.001766700939754,131,39,-0.6872,1.0897,1.9721,-0.6377,-0.02088230387098866,0.8526130358191426,1.1932979818580889,0.15623409669211208,0.03514592605986559,-1.8624013860783373,0.08124015717839939,289.0,0.8833989486808445,1.2114521406811933,0.810181560136698,453.0,0.9846917708695891,2.2457324679549147,0.9122077912943496,487.0
-0.2909,0.5586,0.5299,-0.166,6.432594932214145,0.0013877826544842417,0.9655421676270979,-1.7071701645101896e-05,0.7182748438792619,0.013384839970362779,0.7050356771821984,0.0005525653997706485,0.9330021465943193,0.0014727527921901892,0.9564406746836088,-0.0009670624071438511,0.9736093750803811,0.049188176536730605,0.20503442473605055,subgroup,"GPA in (6.3, 7.0] ∧ course_repeater==np.False_ ∧ sex=='SEX_V'",31.201719258394867,86,18,-1.0932,0.7299,0.8593,-0.2179,-0.08513651283107015,0.566020671834626,0.44547533201129824,-0.1869509043927671,0.04070252145622006,-1.8524525687305475,0.04488372802734375,46.0,0.7933358199612355,0.8386038874152634,0.60064697265625,91.0,0.9579973256688619,1.835387981818685,0.9092674255371094,116.0
-0.4165,0.793,0.8481,0.4584,2.5483253820144878,0.06339060301462254,0.1766523408957311,-6.923950065691476e-05,0.4617953786809431,0.07076058541815841,0.09505097853272955,0.023874076543924386,0.0010859185764107249,-0.07329155467345147,0.04453896552403697,-0.09237477427623383,0.004591097643708819,0.08384301893879265,0.1826529532504975,subgroup,croho=='B Industrial Design' ∧ origin=='ORIGIN_N',31.06182416984173,74,16,-0.5159,0.8024,0.9076,0.0247,-0.5571056924471414,0.839864864864865,0.9322562089116144,0.577533783783784,0.42717613516034403,-0.18675874755554875,0.5500335693359375,70.0,0.3822844346063129,-0.30498455814189934,0.2982940673828125,57.0,0.47580213429369966,-0.06171544593703079,0.5100250244140625,68.0
-0.2162,0.6179,0.522,0.2599,5.129728994812266,-0.028400320235042076,0.32701840802634163,7.820802647641738e-05,0.039044424153086586,0.05229976303688569,0.10166517130570073,0.010236414378317432,0.0969184522050436,-0.02859013754219651,0.26234471049733143,-0.04224887756148884,0.10541211093200593,0.0016118035945768341,0.9649496473795918,subgroup,"GPA in (6.3, 7.0] ∧ course_repeater==np.False_ ∧ origin=='ORIGIN_N'",30.443521734626,86,21,-0.9029,0.7616,0.8167,0.488,-0.0419421887197573,0.5702657807308975,0.44716094929047917,0.13416389811738816,0.1258625985032081,-1.1803098809558314,0.18686246871948242,89.0,0.8393231769872653,1.0168826896969199,0.8037080764770508,140.0,0.9154158738583845,1.4264317873617816,0.8713760375976562,148.0
-0.3319,0.5709,0.5291,-0.196,6.392847912425959,0.003926786459523213,0.8985493653269824,-1.2566046791930298e-05,0.7868366452010784,0.018028498622727374,0.5957239002423089,4.784610317689394e-05,0.9940916586442851,0.0003087670565542402,0.9906694792564985,0.0014910561110373297,0.9586056673813679,0.04563137139058669,0.22562625889694485,subgroup,"GPA in (6.3, 7.0] ∧ sex=='SEX_V'",29.989849742463598,89,21,-1.0074,0.717,0.7975,-0.2163,-0.09668513817094615,0.5700909577314075,0.4356898780216547,-0.19598715890850812,0.04791871448663608,-1.747788184677855,0.047899723052978516,67.0,0.8320835480343296,0.9861655340368503,0.6586432456970215,127.0,0.9579469648710612,1.8178072928787623,0.8921599388122559,151.0
0.2519,0.6052,0.5887,-0.065,5.241175821227191,0.0796647987720661,0.011463961663961523,-2.3837226166903967e-06,0.9305816313600382,0.08942875027913921,0.002625793544867806,-0.0010741502365634904,0.8434576647381461,-0.0035455201717701154,0.8602500814980371,0.0008909002760242382,0.9687242754532422,0.0222043328554396,0.4107727163401911,subgroup,ECTS=='15' ∧ course_repeater==np.False_ ∧ origin=='ORIGIN_E',29.594974173863314,146,36,-0.007,0.7033,0.7924,0.4724,-0.0017925770672253538,0.702777777777778,0.788285534079773,0.03755707762556873,0.16765345425859485,-0.9769327868644071,0.07385011807491537,240.0,0.04763739325380922,-1.7145310885243776,0.14279817161150277,264.0,0.507668292457881,0.019360572234867,0.41702845368126873,319.0
-0.2213,0.6139,0.5177,0.2108,5.180064864424945,-0.024549606541311303,0.39267241391808094,8.102450428667027e-05,0.03226394177138796,0.05591851913027806,0.07871567990764029,0.009215470476007808,0.12943905124849087,-0.030056005427503987,0.23827745743701845,-0.03773609874615266,0.14177185284157043,0.0017043369652091078,0.9629526621871591,subgroup,"GPA in (6.3, 7.0] ∧ origin=='ORIGIN_N'",29.541062335407634,87,23,-0.8671,0.7582,0.7914,0.4392,-0.03582898906938148,0.5712143928035985,0.43908183839114956,0.12323838080959627,0.12114412338096908,-1.2016166641546897,0.20501983165740967,110.0,0.8670321573465283,1.1414984497333134,0.84272301197052,171.0,0.9247332039773282,1.4895744298287181,0.9152384996414185,183.0
0.1315,0.7183,0.7379,-0.3469,3.9154874014862653,0.05692441702578117,0.13589810261698043,-1.5916431952999412e-05,0.5863360358421994,0.14232241780542232,7.594140434307092e-05,-0.0019778762413445285,0.7448363397971932,0.00937441208712906,0.6893674755580248,0.0006951167715154053,0.9787534717592675,0.028804124858661552,0.3583341850376375,subgroup,ECTS=='15' ∧ croho=='B Computer Science & Engineering' ∧ origin=='ORIGIN_E',28.985572844348216,103,24,0.2516,0.6445,0.6358,0.3489,-0.04059948676052527,0.7260922330097088,0.8840579146636509,-0.18572006472492075,0.6644159540372934,0.4300412748045875,0.5055936574935913,150.0,0.23251655004218968,-0.7429505137497121,0.4832236170768738,148.0,0.15496035232079988,-1.0383061125539814,0.18737518787384033,118.0
0.3694,0.6647,0.6158,0.0694,5.386860274890902,0.09060758873969846,0.023103308665700303,3.4912680927507285e-05,0.5801607963010393,0.08630012514463037,0.011191831359059115,0.004896829206877359,0.5239780745472271,-0.01511488929754104,0.5832207556070585,-0.0409268952417158,0.20352804662049093,0.025344348234393112,0.48686961692373776,subgroup,ECTS=='15' ∧ croho=='B Industrial Engineering',28.512380122085112,71,20,0.343,0.6099,0.6415,0.3753,-0.023915008045140684,0.8702816901408452,0.9998530053560802,0.15281690140845003,0.442535989975406,-0.1464973658576485,0.6761722564697266,117.0,0.02025700997737477,-2.198369842288208,0.016384124755859375,48.0,0.07519719647879432,-1.4986562568721409,0.019994735717773438,50.0
0.0363,0.6957,0.7203,-0.2511,4.948123347330872,0.05989219408723173,0.09237980927238461,-8.483015756327808e-06,0.779643598373845,0.10953057994028326,0.0005459624572537394,-0.0037373897896315553,0.5268178127695553,0.004947320440837167,0.8213784384003273,0.010621176875894131,0.6694084088981633,0.02854590216621969,0.3452124247261489,subgroup,ECTS=='15' ∧ origin=='ORIGIN_E' ∧ sex=='SEX_M',28.40133738247836,125,22,-0.1297,0.6851,0.8444,0.4352,-0.028646750995134695,0.6770181818181819,0.7688496872727272,-0.14632727272727267,0.36036494904263916,-0.3623250986946972,0.46198296546936035,123.0,0.3674418568267896,-0.3431679703465213,0.5380170345306396,129.0,0.5904564472140822,0.23160446020535908,0.48731088638305664,125.0
0.2542,0.6125,0.5868,-0.0509,5.110719824859212,0.07747636550812197,0.014235213675166713,-1.61959336374899e-06,0.9530239937952263,0.09738304164585872,0.0009611240739691907,-0.0017522500655831402,0.7477640093354989,-0.002193017536932143,0.9136204690099246,0.00299380678423214,0.8954986815715367,0.02262178619714099,0.4043168198984304,subgroup,ECTS=='15' ∧ origin=='ORIGIN_E',27.794998210265316,147,36,-0.007,0.7033,0.7924,0.4724,-0.003978610242084679,0.7043650793650795,0.7900056689342404,0.055952380952381225,0.16471691036252978,-0.9890364834273636,0.0831703802687116,244.0,0.0487228953582945,-1.7029386039624386,0.13240931699692737,261.0,0.5045034755133422,0.011369701053221463,0.3810698680463247,313.0
0.4024,0.6409,0.5836,0.0681,5.232173694673261,0.08617165112376562,0.0304137843960906,2.6222474527787297e-05,0.6781443022842756,0.0948791268031613,0.006336488775344334,0.005790082146845139,0.4514358573916025,-0.019834995860054744,0.4740941205155903,-0.04487031727915673,0.16406867720891372,0.027470404053438202,0.4497316585224219,subgroup,ECTS=='15' ∧ course_repeater==np.False_ ∧ croho=='B Industrial Engineering',27.74174675972218,70,20,0.343,0.6099,0.6415,0.3753,-0.021319372603111786,0.8694285714285714,0.9973183673469391,0.14428571428571355,0.3719812543876869,-0.33140969240100493,0.7020902633666992,119.0,0.014932388154700871,-2.3478364278535104,0.014787673950195312,47.0,0.07651326774134916,-1.4885123516896799,0.02422046661376953,52.0
0.0343,0.7365,0.7869,-0.1762,3.7133059144138807,0.07473212067625072,0.001433214578809266,-1.7651855662859385e-05,0.32455079824703537,0.11272236877347602,4.4195453379487387e-07,0.001786372052385547,0.6083922151100806,0.040931265781851064,0.00344612950727627,-0.028913392487372704,0.05415097699799861,0.057608731079876525,0.0031318228850402145,subgroup,course_repeater==np.False_ ∧ croho=='B Computer Science & Engineering',27.501387864761274,260,55,-0.0275,0.7516,0.8372,0.3707,-0.02795020975843321,0.7538181818181819,0.8375636363636363,-0.1509090909090915,0.37660146836841796,-0.3160235349428182,0.270389962337139,697.0,0.34042803486883033,-0.41352999823548725,0.37827808884745695,733.0,0.4991546244751832,-0.00212887639274861,0.319463807288197,714.0
-0.0126,0.5836,0.5052,-0.0725,5.9208377481152255,0.04421519771780774,0.31247673634209155,-4.858135993508948e-05,0.33754278936560866,0.003629432877706229,0.9355925680385263,0.0077965930789284255,0.2936787783329343,-0.03010224067860741,0.33084004248148646,-0.019700055545375145,0.566927511578157,0.05221904007910141,0.25939205824839784,subgroup,"GPA in (6.3, 7.0] ∧ course_repeater==np.False_ ∧ origin=='ORIGIN_E'",26.86297971842481,71,20,-0.2655,0.6194,0.6314,0.0443,-0.0013979579425658084,0.5651408450704225,0.4995724062685974,-0.026408450704225837,0.292210142647658,-0.5564170969316501,0.5652561187744141,109.0,0.5212764036360871,0.054065794353180645,0.5363607406616211,107.0,0.7368070011769292,0.6453998626159739,0.6079368591308594,112.0
-0.0404,0.5945,0.5158,-0.1144,5.873945219834555,0.04335400582060753,0.3072773947702255,-4.871683528148211e-05,0.3281723005022583,0.005450822999718394,0.8999768582163611,0.007784719952233241,0.28310345112116136,-0.02999721925537495,0.32523138318420175,-0.01915958413938341,0.5693058328083018,0.048073926530937436,0.28492366645970213,subgroup,"GPA in (6.3, 7.0] ∧ origin=='ORIGIN_E'",26.557978142959264,73,21,-0.2345,0.6126,0.6121,0.0196,-0.006905729250240578,0.571624266144814,0.49920605134528934,-0.05851272015655475,0.3306214837787137,-0.44479674683253073,0.6586432456970215,127.0,0.5647719001175155,0.16518552727075983,0.6073174476623535,123.0,0.7152392372850391,0.5782929868665654,0.527127742767334,117.0
0.1957,0.6533,0.6345,-0.2313,4.325250346443368,0.08776185766600471,0.01901135045899068,-1.4722896660844057e-05,0.538403034935966,0.14171575032038525,3.7406293385163956e-05,-0.00516252289488937,0.3314395806768806,0.019134216194400873,0.3796326474351108,0.0027919085775174046,0.903957651970627,0.06341850531706296,0.029815413086132225,subgroup,course_repeater==np.False_ ∧ croho=='B Computer Science & Engineering' ∧ origin=='ORIGIN_E',25.590223838159215,137,31,0.286,0.6147,0.5632,0.2807,-6.325208974899965e-05,0.6905109489051093,0.7889156622364601,-0.007063809748057852,0.6539417033528594,0.3998269768031571,0.46536753233522177,243.0,0.19653698287973753,-0.8665364611274985,0.33884770376607776,226.0,0.09938912712629587,-1.3140825041492656,0.07030299725010991,172.0
0.1963,0.6507,0.6257,-0.2285,4.251003394405599,0.08346245451552148,0.024708620676764548,-1.4078392287509385e-05,0.554940722486384,0.14615638822498253,1.3529984053981143e-05,-0.0061114405161553365,0.24188185407064003,0.023345803777673896,0.2738366883104346,0.0060295972417023225,0.7903637359984148,0.062186472755474245,0.0280470108929389,subgroup,croho=='B Computer Science & Engineering' ∧ origin=='ORIGIN_E',24.969282649265132,140,32,0.2976,0.6016,0.5469,0.2658,-4.326421043687745e-05,0.6906249999999998,0.7785395408163263,-0.005803571428571658,0.6793075058214411,0.4703676547071528,0.5257282466627657,267.0,0.19341532995252114,-0.8777520246899956,0.3389997167978436,241.0,0.08500425434883405,-1.4048470988194508,0.062023251317441463,181.0
-0.0235,0.58,0.5206,-0.0528,5.609294129510859,0.010762682348048003,0.604365133456117,1.5065322917191229e-05,0.5608017967026941,0.04314334846513556,0.042263080341446185,0.008293134194131857,0.04085795575131455,-0.031112818148403665,0.04793195140370627,-0.036553454273728345,0.037638479336835645,0.05623127539237467,0.007968248186805076,subgroup,"GPA in (6.3, 7.0] ∧ course_repeater==np.False_",24.553350180402386,201,50,-0.6003,0.7372,0.814,0.1157,-0.01196656589585876,0.5858407960199005,0.5147631048736417,-0.07801990049751245,0.016532464898959556,-2.1932508416349057,0.011487436204133061,403.0,0.5391253690856292,0.0987378269178894,0.5532764915146675,651.0,0.9763487942842138,2.0347793538920738,0.9283337024234468,789.0
-0.0629,0.5881,0.5325,-0.0855,5.630983509883324,0.011725824128128455,0.5663950130982611,1.6762083260088914e-05,0.5132776425286951,0.044335394079790084,0.030468609198409165,0.007886447485349387,0.04807604457371275,-0.031249919690948938,0.045011782286731,-0.034739181507102875,0.04457546011638373,0.05528900460196891,0.008051096597144891,subgroup,"GPA in (6.3, 7.0]",24.485575051906853,205,53,-0.5812,0.7317,0.7921,0.0974,-0.0147361357560849,0.5879889553612517,0.5083217536731282,-0.08591808559595064,0.02411798092267497,-2.0229296989221077,0.02393093024055219,492.0,0.6591394078364012,0.4124280194152847,0.6531902939429882,760.0,0.9765154610622836,2.0349442140387564,0.92975722671648,882.0
0.1339,0.6843,0.8969,-0.0523,5.454784373592191,-0.003978579223023012,0.8706927604559439,4.0133692187386e-05,0.15186885703014047,0.046718773857810564,0.013037046668770796,0.004874055425613985,0.23761729879011179,-0.025953875902276574,0.06981387153700108,-0.02237857696795749,0.20465146083490676,0.03068664506360319,0.146822091367621,subgroup,"GPA in (5.6, 6.3]",24.47935092477773,195,51,-0.176,0.8467,1.2179,-0.2345,-0.009925846037684982,0.6930618401206639,1.0459042116254789,-0.10138763197586852,0.11007940700564955,-1.241650277379575,0.00841881938309974,408.0,0.12605734574398944,-1.158620928063132,0.7817148301830402,746.0,0.6808615661055413,0.4729925911232132,0.9840843984772731,892.0
0.0216,0.6223,0.5386,-0.0316,5.145916131840845,0.014755811942524018,0.6422592253853178,2.5136385287303294e-05,0.42745812292735386,0.054945252328107284,0.04057255137535794,0.013652144007257453,0.013031875826609633,-0.0495079153377564,0.01264874989698298,-0.06056109898726156,0.009603926405136451,0.06331616017034786,0.013190924960581524,subgroup,"GPA in (6.3, 7.0] ∧ sex=='SEX_M'",24.4720913873428,116,32,-0.4325,0.7413,0.7885,0.3033,-0.00046205620750061627,0.5939655172413792,0.5507230975029725,-0.015948275862068734,0.08758661443538379,-1.3875343751159361,0.08002257905900478,188.0,0.4310124015601042,-0.175247528793074,0.4377230014652014,255.0,0.8841096059031035,1.2196906460009351,0.7785409360658377,305.0
0.0263,0.7314,0.7748,-0.1656,3.0799998813014637,0.05947034659934087,0.010972077151606183,-2.2479903645643887e-05,0.21655217873726898,0.12260610709809026,3.797703333570506e-08,0.004188447932327616,0.22678400383585948,0.04315349282840057,0.002171287183971407,-0.03917024929335457,0.008831639326425483,0.056474683638369466,0.003987981660303311,subgroup,croho=='B Computer Science & Engineering',23.811320733197462,269,57,-0.0185,0.7344,0.8104,0.36,-0.016104375935115378,0.7408008869758038,0.8085175982894729,-0.11320028696276016,0.3994790353738578,-0.2559099622111915,0.28229826775189065,754.0,0.3904117936668704,-0.2795881475357275,0.41661999068551314,800.0,0.5050058133261288,0.012604191711470578,0.24846905474087222,741.0
0.0328,0.7041,0.7285,-0.115,3.5664826793789697,0.06495728219912189,0.0178404501301484,-1.638882769365404e-05,0.4275749133508422,0.12176216564889941,2.6973585912714965e-06,0.0009334285721498744,0.8154508490130039,0.037810687144738245,0.01756266871579202,-0.025225112083531398,0.1355445943055073,0.07461135851460308,0.001210287458709219,subgroup,course_repeater==np.False_ ∧ croho=='B Computer Science & Engineering' ∧ sex=='SEX_M',23.477834620326625,206,43,-0.147,0.7561,0.864,0.4206,-0.0536478204178743,0.7330435764280876,0.7936948389585848,-0.20102731993678016,0.2022764577849966,-0.842007452954911,0.17962743025668715,396.0,0.30467791095796387,-0.5148515523455746,0.3939919491241426,450.0,0.6447330557959365,0.3736640678582591,0.48331976411986943,469.0
0.1271,0.7147,1.0794,-0.0,5.4644791495202245,0.0020228243579428,0.9498325361502423,4.562925487929274e-05,0.1652435281088649,0.03173173444780475,0.19570910180949072,0.004712867834391267,0.3732473909537326,-0.011954614462766102,0.5337038014808513,-0.02454894355357129,0.2875427949337936,0.04580325561371143,0.07919928552019026,subgroup,"GPA in (5.6, 6.3] ∧ sex=='SEX_M'",22.687834771645687,138,34,0.1419,0.7912,1.061,-0.0248,-0.004484798815566959,0.7088235294117645,1.2420245993797638,-0.07446717817561715,0.5238265864520829,0.06021597197014862,0.1314283031388186,231.0,0.19659670850246924,-0.8651667159709729,0.8371245434973389,355.0,0.35648724584097663,-0.3710463477432121,0.8925052038975991,370.0
0.1525,0.6451,0.8319,-0.0459,5.120348866025977,-0.0026248409767979375,0.916862180424234,4.45018582589501e-05,0.11680033936833184,0.05568560778339193,0.004492024844512991,0.005704765534576949,0.19384447512468983,-0.020321851703699614,0.18062463106664584,-0.029688387168091978,0.1124885857620972,0.026990875623402702,0.2216480788244161,subgroup,"GPA in (5.6, 6.3] ∧ course_repeater==np.False_",22.388974786742885,179,46,-0.1435,0.7998,1.1224,-0.2297,-0.00833380147199514,0.64181442798154,0.9896967811621792,-0.09044206946805813,0.1375581806111315,-1.1048051664531717,0.011362329879233357,333.0,0.15929639952251054,-1.008529341371497,0.8383377194557795,631.0,0.6299896086508536,0.333880392092233,0.9693492973239017,711.0
-0.0128,0.7029,0.737,-0.1026,2.927034678810885,0.046649658614565964,0.08553970019333151,-2.2752199644897573e-05,0.2753247712725005,0.13042810699076243,3.9956923870110517e-07,0.0035851940868797125,0.363454153862259,0.0396639946257788,0.013129280864998897,-0.0359544466363154,0.03172159261081415,0.07321769174017323,0.0015193929073828378,subgroup,croho=='B Computer Science & Engineering' ∧ sex=='SEX_M',20.57936568974894,215,45,-0.139,0.7341,0.8289,0.4048,-0.031637879477640185,0.7100775193798449,0.7507063277447267,-0.15173126614987067,0.2581693887243689,-0.6542770695216337,0.1910922246557334,439.0,0.4581078630485322,-0.10580784839424316,0.5709626025298178,533.0,0.6736690540687891,0.4531579805260602,0.4422407756097755,504.0
0.1941,0.9656,1.3814,0.1305,-0.0070220903588844585,0.09471429761115845,0.01815364450431792,2.7746902226598216e-05,0.5443384437596036,0.042723175560944654,0.25968256385131044,0.039497973109438284,2.9602494820294163e-08,-0.016275646523518553,0.6190052563086198,-0.17409322894789844,1.3588264134242877e-08,0.09702834247449155,0.02418972845833538,subgroup,croho=='B Industrial Engineering' ∧ origin=='ORIGIN_N',18.136592798332046,117,31,0.2728,0.8839,1.2465,-0.0944,-0.009597571473513478,1.0623104494072235,1.7304985637160992,0.12826027019575398,0.6867839491287263,0.49181152154396157,0.7289008852094412,279.0,0.260299993087777,-0.6500611859127456,0.13194631598889828,190.0,0.07950175638959221,-1.4443531606762465,0.051168451085686684,164.0
-1.8544,0.821,0.9029,0.3851,2.974792213661859,0.1277900872217978,0.009073032185863472,5.184500652854633e-05,0.41223775222228864,0.05519106295655042,0.2034059123494251,0.030318404115826904,0.001816898879365696,-0.10065213346384794,0.005636892480556964,-0.1210429006383543,0.0034856822641629974,0.09419937718365787,0.08885497456682509,subgroup,ECTS=='10' ∧ origin=='ORIGIN_N',17.251005041409538,74,13,-2.4463,0.8494,1.0902,0.5005,-0.1499255534540831,0.45498960498960517,0.36375751531156986,0.21777546777546858,0.22402982752557765,-0.7843183468738889,0.2486572265625,35.0,0.9648594005311468,1.9866447128499376,0.945068359375,68.0,0.9607797997109991,1.9236618260107858,0.9801025390625,74.0
0.3053,0.7728,1.058,0.244,3.903894972511536,0.09392208162922128,0.0683562924853221,9.819828468272699e-05,0.10140405602102119,0.05241383870961616,0.22841881238179348,0.020817352231451078,0.010224012339400821,-0.07742271481677182,0.018934291013222877,-0.0894934256616049,0.011590716492910234,0.10371897476516573,0.03913422842938005,subgroup,ECTS=='10' ∧ sex=='SEX_M',15.047803155686859,119,20,0.3214,0.7937,1.0336,0.174,-0.00012930359551854842,0.7031932773109242,1.523296942306334,-0.01403361344537859,0.5362958579328991,0.09232253383286805,0.2979097366333008,90.0,0.23554937640162804,-0.7353636103102787,0.7738122940063477,125.0,0.28832282613928084,-0.5680614293748057,0.9231767654418945,143.0
0.0955,0.702,0.9401,-0.0587,5.143445031575662,0.07412839917442761,0.028427836572381095,7.83894360404163e-05,0.08253369940238607,0.04779216645297639,0.11127804999104957,0.00610005971759783,0.2866049051849268,-0.03311878028979334,0.17059543459625276,-0.028421402315189984,0.2565716633216228,0.06895376100412777,0.06120588552619094,subgroup,ECTS=='10' ∧ course_repeater==np.False_,14.856422656498372,172,37,-0.1769,0.8737,1.2233,-0.1562,-0.019594388831285947,0.6320238843494657,1.0597376595091577,-0.14270898805782553,0.17129964881083165,-0.9617331691924385,0.0017589866474736482,162.0,0.3244548750512445,-0.45911791942586033,0.8661464656397584,425.0,0.6199325976373862,0.3076324569320415,0.9988003397738794,547.0
0.1075,0.714,0.9276,-0.0448,4.796708300895368,0.08296302823859092,0.0144058731504511,7.961655890423438e-05,0.08137809113697339,0.047425016625332425,0.10936961327865523,0.009783016879748103,0.08082435498923261,-0.04309061384128836,0.071454759824125,-0.04304734756409905,0.0808843007435004,0.07804595424035954,0.03607326508795108,subgroup,ECTS=='10',13.309203103487162,177,37,-0.1769,0.8737,1.2233,-0.1562,-0.01360951020493717,0.630096197892808,1.053517145413152,-0.11893418842571347,0.13636551589904322,-1.1138363418442976,0.0028090246487408876,171.0,0.33272365464910914,-0.43599010740273075,0.8308117506894632,415.0,0.6252888014887048,0.32185720716350774,0.9989279351284495,549.0
0.1655,1.0448,1.8186,0.0454,0.7562309269779852,0.0866497328861611,0.04806285507137406,3.89621673156738e-05,0.2904806252660844,0.05729063185017538,0.10388200473696287,0.031423491946264155,1.2230915431559772e-06,-0.009647269198630282,0.7292566254558871,-0.1438192146821774,2.4842835805122763e-07,0.0712540319085713,0.07236535753489394,subgroup,croho=='B Industrial Engineering' ∧ sex=='SEX_M',12.02493544932937,172,46,0.1269,1.009,1.9026,-0.3175,-0.003906341056634011,1.0524266936299294,2.187742493004444,-0.09226491405460072,0.3502667614234827,-0.38706378554998716,0.5644657439085705,555.0,0.22141611708931275,-0.7742495910536364,0.49568385542750093,539.0,0.23336702129208653,-0.7340365482039921,0.46551241914902164,532.0
-0.2686,0.9414,1.4258,0.605,1.74039205049898,0.031313047649527616,0.5730217283307206,7.923994455468684e-05,0.12973275444787807,0.07497511034202678,0.04885050939835763,0.022737123602262106,0.0031221765693495033,0.003182825783230203,0.9185148396080933,-0.11135928426513647,0.001111682088428431,0.018170608276689273,0.677956413681651,subgroup,croho=='B Data Science (joint degree)' ∧ sex=='SEX_M',10.94597517940877,91,21,-0.0177,0.8566,1.1438,0.3345,-0.2995296212545,1.0037676609105173,1.4606005715895811,0.5802197802197789,0.8662182665427407,1.140471836219752,0.8311700820922852,143.0,0.4612974095361462,-0.09839922252284379,0.23666715621948242,94.0,0.13301669641936423,-1.1442426549300218,0.12862396240234375,82.0
0.2939,0.7926,1.02,-0.0596,3.608285031445037,0.12536962000458915,0.012849222469371568,-5.579803287706936e-06,0.9281094617982508,0.07446308939560307,0.07849006797308092,0.0005759712129403717,0.9507569231368388,0.04759095976262295,0.1788684350160921,-0.02255535199732611,0.564487586319882,0.06901587341384323,0.13873179038276054,subgroup,origin=='ORIGIN_E' ∧ sex=='SEX_V',10.430274142030102,75,31,0.2995,0.8682,1.0117,-0.0702,-0.04966160003586051,0.9778494623655911,1.516143885304659,0.2678279569892462,0.5264831597882832,0.06699057857815575,0.2051023542881012,205.0,0.09509960231865246,-1.3403361931171573,0.1684537953697145,198.0,0.09152052043479057,-1.3629520803507653,0.36034314054995775,229.0
-0.1173,1.2076,2.5389,-0.6601,2.7356850181920764,0.084305196903613,0.029255672710223772,5.785148990078968e-05,0.2015221962562159,0.08426782542647798,0.006939684938952048,0.01630663829256461,0.011994786796014772,0.012871741500617442,0.5797044625226982,-0.09057341239207453,0.0006766989301170356,0.052869796391413024,0.09354511436389838,subgroup,origin=='ORIGIN_R' ∧ sex=='SEX_M',9.901264452039438,107,29,0.1509,1.087,1.9296,-0.3447,-0.1795885749212658,1.2147921366419592,2.6805694519322567,-0.6388333870447953,0.9876985967411527,2.3755971770295123,0.9655649084597826,301.0,0.4157904554128642,-0.21466938761407325,0.6090689394623041,230.0,0.1451289759687473,-1.077944551520044,0.3119628056883812,194.0
0.1668,1.0175,1.6715,-0.053,0.6439686090318433,0.0814321253365912,0.011310000938801931,1.565834892980579e-05,0.5925553911209579,0.08595975405788331,0.0015662774317512262,0.028454955270180493,1.418367710965361e-08,-0.005761354344659183,0.7939497311133297,-0.13604067669520206,1.7620470438972444e-10,0.07311664358873488,0.015842468500742793,subgroup,course_repeater==np.False_ ∧ croho=='B Industrial Engineering',9.877113568178274,230,65,0.0904,1.009,1.8248,-0.3453,-0.003847827407270632,1.0225484949832775,2.0138636760215216,-0.08785953177257624,0.15415729009824342,-1.0269397998555632,0.26414408190499206,976.0,0.18234287659938475,-0.9129681887285718,0.49087607782428294,1069.0,0.27700334303887736,-0.5949018183681367,0.5455243350830506,1090.0
0.1805,1.0015,1.6076,-0.0194,0.8956026337602087,0.08481955397266683,0.007755026373164062,1.8334804278233278e-05,0.5303140817468357,0.07258016964310061,0.006050585619056964,0.028620040136962406,9.327474478357258e-09,-0.007350331084437049,0.7369534557568176,-0.1353516035349801,1.3080110502305248e-10,0.07923283328295933,0.008354885659365204,subgroup,croho=='B Industrial Engineering',9.805375001310596,237,69,0.1032,0.996,1.7594,-0.3051,-0.0014607598251190623,1.0195193542469272,1.9645963462748677,-0.053531462117041725,0.14975311150106127,-1.04547391425397,0.28198042782744714,1111.0,0.15299271928677158,-1.03144804843524,0.41595498828518296,1172.0,0.24782663862267212,-0.685030363117089,0.4702120520740762,1195.0
-0.0612,1.057,1.7363,0.2317,2.4078134790896897,0.02690644093669566,0.5616898426082497,6.74879354400275e-05,0.16332328130376558,0.0671205533343747,0.048729886759437666,0.016728301989992665,0.017398925580810957,0.011169735703551648,0.6817744106802901,-0.0831086407682176,0.006215808888661953,0.02114174777468987,0.5841720665073828,subgroup,course_repeater==np.False_ ∧ croho=='B Data Science (joint degree)',9.554818592335376,116,29,-0.0334,1.0366,1.6907,-0.0948,-0.05006686240879077,1.075743162901308,1.718014268727705,0.2862068965517235,0.6000521088327141,0.2559038501705017,0.6172290090471506,231.0,0.5207703616634021,0.052555457314947054,0.3586046379059553,200.0,0.47352827885038895,-0.06700162637460873,0.22101028822362423,181.0
0.0667,0.8842,1.3981,-0.1558,2.868680597385388,0.01779753800058965,0.6222304074197591,2.3786870388209944e-05,0.7024700434612186,0.14885715800632127,1.3697019845845888e-05,0.010810477275880664,0.08249576593535066,-0.04134550158696654,0.18131307361588267,-0.05208812239929004,0.05098526530930253,0.010789739083550548,0.8144707766409702,subgroup,origin=='ORIGIN_N' ∧ sex=='SEX_V',9.41988707720587,88,23,0.249,0.8292,1.1251,-0.3125,-0.0017120050301571155,0.8622035573122528,1.500598668253683,-0.05064229249011882,0.9230303554866729,1.4766581899228572,0.8117389678955078,167.0,0.33598711017252836,-0.429168404020843,0.48215627670288086,136.0,0.10829611631081386,-1.272179800465338,0.2137089967727661,111.0
0.0469,1.0703,1.7361,0.2837,1.8912467385516383,0.04201198489316261,0.3438497394297598,7.00279457650564e-05,0.13882487108712946,0.08555269364299065,0.005866916826863673,0.01851313352612615,0.002488210900466351,-0.0018548848570232035,0.9413110747169655,-0.09016710292402233,0.0007244761758391156,0.032088507827193774,0.3637687291342293,subgroup,croho=='B Data Science (joint degree)',8.853867096040217,128,32,0.1027,1.0228,1.6344,-0.0576,-0.05096529132980199,1.1286132812499998,1.9143579101562502,0.3046875000000001,0.7303303144069804,0.6206918950552469,0.7319687742274255,297.0,0.3264399545758485,-0.4541568218542053,0.32557414984330535,239.0,0.2654511825839363,-0.6337349006734811,0.1193204855080694,200.0
-0.5681,1.0632,1.7784,-0.7015,1.8839606934350293,0.050326090768796156,0.30992935583857983,5.1999224434685695e-06,0.9143429259211912,0.1389023559468609,0.00010725507121118635,0.02170443488340763,0.0036587703280301967,-0.016829381912935384,0.5732323161703021,-0.12104805939161117,0.00018700918512916024,0.08494017104967866,0.02813985977408288,subgroup,origin=='ORIGIN_R' ∧ sex=='SEX_V',7.590344092842009,78,14,-0.7384,1.0551,1.9715,-0.637,-0.009475524529302781,0.9714285714285715,1.1448276509814976,-0.10366300366300406,0.32391625114689704,-0.46757095907466634,0.4276123046875,49.0,0.8610446156970136,1.1324260556310086,0.7684326171875,64.0,0.9007122376240355,1.354744982132291,0.74920654296875,63.0
-0.1488,1.177,2.2735,-0.7175,2.0493869682560653,0.06082719017049445,0.042408715384020725,1.9594433103636345e-05,0.538958616383513,0.12661122577187695,6.424428281422492e-08,0.01959537976885254,5.785108021048225e-05,-0.009006777260554003,0.6153652173715691,-0.10714832828503426,1.8073235520595582e-07,0.06964707877684143,0.0038467690828220516,subgroup,course_repeater==np.False_ ∧ origin=='ORIGIN_R',6.016177777750995,174,40,-0.032,1.1042,2.0425,-0.5261,-0.16034785733133394,1.168333333333333,2.296444444444443,-0.5633333333333325,0.9361666037273761,1.556504893770033,0.9191062640966265,514.0,0.483325590489039,-0.04207803567211995,0.7741330305070733,466.0,0.3222203896185916,-0.465107951323313,0.513253674792395,412.0
-0.097,1.1259,2.1243,-0.6148,2.3036540122779563,0.06869605693988905,0.020103516471389905,2.5357151206832748e-05,0.4213854167593778,0.11175678494606459,6.522543821815918e-07,0.01912806054894844,6.443510886568985e-05,-0.006263407640368875,0.7202089974056602,-0.10438969477103877,2.1513399937250343e-07,0.07023171441873947,0.0031203036240857545,subgroup,origin=='ORIGIN_R',5.470303307846241,185,43,-0.0035,1.0767,1.9432,-0.4399,-0.10519056049126263,1.117950974230044,2.1401366674027886,-0.4513262099308604,0.9209591633134939,1.4371580382730762,0.8791203896228126,570.0,0.4870140131206304,-0.03275135098818714,0.765543484298064,533.0,0.34865383952184426,-0.39163540918984396,0.587493508394914,491.0
-0.1153,0.9408,1.3476,0.3071,1.083782364656266,0.06985178313761647,0.027107384793322965,2.995699545250044e-05,0.33715770420826385,0.06641589820607272,0.010872843757538811,0.026985089745967503,5.769106086110789e-09,0.0024050587123919456,0.9052633123597655,-0.12445483761072748,1.8844521089369386e-09,0.07606788071282736,0.015065366292125133,subgroup,origin=='ORIGIN_N' ∧ sex=='SEX_M',5.40824686026303,221,53,0.0699,0.864,1.1238,0.2313,-0.0609613797846158,0.9158285665499873,1.2819238669336355,0.27139929992316303,0.9899447933455144,2.397979043100315,0.9891989530208533,975.0,0.5911361163960682,0.23163870758477123,0.5299915015710488,724.0,0.238740796465864,-0.7155312111028952,0.17745333095730842,611.0
0.1333,0.8586,1.4244,-0.1286,2.8489304952782946,0.04876318152868811,0.20631527783847484,-9.471039483672277e-06,0.7250097368175351,0.11637130615796565,8.551090547821828e-05,0.003878814798090597,0.4436208885736347,0.019595792168502033,0.37837018781207477,-0.02644517638642371,0.22963101560092808,0.05687021843360361,0.07464746155404091,subgroup,origin=='ORIGIN_E' ∧ sex=='SEX_M',3.8722354835228443,228,50,0.1758,0.8281,1.3545,-0.0656,-0.005599267939124353,0.9219999999999999,1.6527265312403814,-0.09592982456140366,0.7375684175817969,0.6404511724073421,0.9214298235537646,784.0,0.2533286868325514,-0.6689651922968293,0.34032237338858984,594.0,0.20415220153412356,-0.8340430037497708,0.2959089613883057,581.0
0.2192,0.8385,1.2426,-0.0733,2.941009064064633,0.06882640264767306,0.024965245049004124,-5.137108103185442e-06,0.8282133390749581,0.10744612749575813,5.764842049353886e-06,0.003761312532253796,0.3870229560275593,0.02544751346113016,0.16925033921357024,-0.028510332740089645,0.12627389021221982,0.05837095524801694,0.025410818279928696,subgroup,origin=='ORIGIN_E',3.455822884541467,303,81,0.2313,0.8435,1.2233,-0.0673,-0.0008722515591288449,0.9415719349712749,1.5927735479818608,0.0372570590392373,0.6088557321641284,0.27726930923861826,0.7336360454270503,1793.0,0.08705670730094814,-1.3713076316377066,0.24517156347282504,1514.0,0.07933631267065419,-1.422832375095308,0.3014394222586353,1550.0
0.2026,0.8294,1.2143,-0.0891,2.9287419420497414,0.06568917395788099,0.03724580845072982,-2.169649098563079e-06,0.9283296180477867,0.11249885596449483,1.1966554611299967e-05,0.004515718583254792,0.32244064352017654,0.019738577664771502,0.3099259758666636,-0.03155896227723966,0.10967998287212255,0.05345860273569868,0.055240827931097844,subgroup,course_repeater==np.False_ ∧ origin=='ORIGIN_E',2.9530166823889954,284,75,0.2008,0.8388,1.2169,-0.0482,-0.0005202223125808647,0.9227652582159623,1.5235477269721616,0.028145539906103044,0.48522987159578085,-0.03715717151374993,0.6223098146985616,1484.0,0.10858085726832317,-1.2447217883749577,0.22036493699068183,1279.0,0.12147774888545451,-1.1770302529252237,0.2631491423782991,1305.0
0.0896,0.8854,1.1906,0.1699,1.5920142824208967,0.045633613157723206,0.058137724012709564,3.54031962640088e-05,0.19715868601714304,0.09711052600351477,3.191376413239076e-06,0.021010431652427653,8.770675577625092e-09,-0.01212142616898636,0.4728216221567544,-0.09847231860946104,1.125451061660233e-09,0.06757468016451158,0.009533472131252677,subgroup,origin=='ORIGIN_N',1.4682583860433054,309,76,0.1404,0.8535,1.1242,0.0668,-0.023543657331212442,0.8972023505365357,1.3385367369865269,0.17546840401975872,0.9698571190995966,1.9074915317438734,0.9612582048290295,1804.0,0.22115220177061412,-0.772400682225025,0.2066723933479772,1305.0,0.11565367443109459,-1.2067854778594604,0.16009884740023056,1271.0
0.1764,0.8799,1.1785,-0.1477,2.6750723703871735,0.0532657821316142,0.028229437282896643,7.81225060563325e-06,0.8071521297136178,0.11325613906242021,3.843107412524605e-08,0.011245955480176503,0.0075977807633585215,0.0008676587970719253,0.9619120907724095,-0.06415662107637098,0.00036799652097754435,0.056766039939337515,0.01979609816576325,subgroup,sex=='SEX_V',1.4433614947797888,241,68,0.1281,0.8935,1.2477,-0.2688,-0.002322250256467484,0.9433304857212593,1.4342810876696541,0.057645838418354634,0.15514727510601478,-1.0223457732107395,0.3869847175807716,1126.0,0.10396303745945781,-1.2715594270026185,0.14523499393360645,1000.0,0.22558094551130298,-0.7579110055458408,0.2932821695820895,1084.0
0.1428,0.8974,1.3404,-0.0965,2.1353614880585505,0.05602234021006891,0.0005125572263393442,1.6289537617278843e-05,0.28918904222832137,0.10530530708401671,9.015299381773892e-16,0.015247548516402972,2.8897516993815906e-10,0.0013688304043622968,0.894364261541949,-0.07860550372652994,5.3077131748142277e-14,0.06426463399989542,1.69250736072384e-05,global,N/A,,797,200,,,,,-0.00022544340780461525,0.9421355081555833,1.5640085159372743,-0.01877540777917188,,,,,,,,,,,,
