r2,mae,mse,mean_residual,intercept,coef__nr_distinct_files_viewed,pval__nr_distinct_files_viewed,coef__total_course_activities,pval__total_course_activities,coef__nightly_activities,pval__nightly_activities,coef__distinct_days,pval__distinct_days,coef__logged_in_weekly,pval__logged_in_weekly,coef__nr_files_viewed,pval__nr_files_viewed,coef__nr_slides_viewed,pval__nr_slides_viewed,model_type,description,cookD,n_train,n_test,global_baseline_r2,global_baseline_mae,global_baseline_mse,global_baseline_mean_residual,mean_baseline_r2,mean_baseline_mae,mean_baseline_mse,mean_baseline_mean_residual,ttest_p,ttest_stat,wilcoxon_p,wilcoxon_stat,ttest_p_mean,ttest_stat_mean,wilcoxon_p_mean,wilcoxon_stat_mean,ttest_p_mean_global,ttest_stat_mean_global,wilcoxon_p_mean_global,wilcoxon_stat_mean_global
-0.1302,1.8833,4.899,-0.033,6.2126874916390085,0.03888095701575754,0.17366164326145234,0.020653423376313453,0.002598720855997972,-0.0038314367445980643,0.39104558870693507,-0.09934297614565568,0.01999338567670419,0.13763555530069316,0.7557673434693452,-0.06842111334968279,0.0278237226235983,-0.05356510619770599,0.11906700646681337,subgroup,croho=='B Electrical Engineering' ∧ origin=='ORIGIN_E',169.29265680624303,120,37,-0.1224,1.9491,4.8651,0.7005,-0.01758745436343423,1.8825,4.410754748498498,0.27610360360360386,0.5196103131717466,0.04951906061553416,0.275247081539419,311.0,0.8134156622646267,0.9017782089494935,0.7769350043017766,402.0,0.8039179836877407,0.8661130130514194,0.8419760251053958,418.0
-0.1302,1.8833,4.899,-0.033,6.2126874916390085,0.03888095701575754,0.17366164326145234,0.020653423376313453,0.002598720855997972,-0.0038314367445980643,0.39104558870693507,-0.09934297614565568,0.01999338567670419,0.13763555530069316,0.7557673434693452,-0.06842111334968279,0.0278237226235983,-0.05356510619770599,0.11906700646681337,subgroup,croho=='B Electrical Engineering' ∧ double_major==False ∧ origin=='ORIGIN_E',169.29265680624303,120,37,-0.1224,1.9491,4.8651,0.7005,-0.01758745436343423,1.8825,4.410754748498498,0.27610360360360386,0.5196103131717466,0.04951906061553416,0.275247081539419,311.0,0.8134156622646267,0.9017782089494935,0.7769350043017766,402.0,0.8039179836877407,0.8661130130514194,0.8419760251053958,418.0
0.2265,1.3306,2.6507,0.0597,5.932448835458025,0.07392260823480341,0.0031930167221080334,0.02941802016691028,4.0275038232500936e-05,-0.004926133126791257,0.2622195399523236,-0.09407465350826469,0.025030214459837653,-0.07798912840526079,0.8450262707364661,-0.11289231632258466,0.000278313617775433,-0.012555018324613657,0.45660224201055755,subgroup,croho=='B Computer Science & Engineering' ∧ origin=='ORIGIN_E' ∧ sex=='SEX_M',164.21137579812896,93,32,-0.2697,1.8498,4.3509,1.226,-0.03941335870903506,1.5990255376344087,3.561848298936294,0.3675067204301086,0.011837322394430215,-2.379487736050983,0.020669983699917793,155.0,0.041388633110786444,-1.792746471907864,0.017059955513104796,151.0,0.8720497560720908,1.1575215302461734,0.966076104901731,361.0
-0.0582,1.7708,4.5211,0.0544,6.979408939658493,0.03167429216331101,0.2572941656752074,0.02168245678300609,0.003975709304134512,-0.0034159378019586037,0.4459019685814508,-0.11792773250384354,0.009107264425686476,0.134174683338655,0.7610931660302751,-0.07258670015561008,0.029446028347027958,-0.04573881410907989,0.18207090729382697,subgroup,course_repeater==np.False_ ∧ croho=='B Electrical Engineering' ∧ origin=='ORIGIN_E',159.11293158947407,112,32,-0.2132,2.0452,5.1836,0.8234,-0.03449997611683675,1.8470982142857144,4.419901147959184,0.3839285714285718,0.189885441784777,-0.8910412622290114,0.12310675298795104,201.0,0.5772539999118842,0.1965121056463537,0.318941667675972,238.0,0.8977350812089816,1.296035450980334,0.9488241469953209,351.0
-0.2174,1.683,5.1344,-0.4599,6.071256032009472,0.08546161593539377,0.00038876049980653447,0.026432128561405612,4.2587960915618266e-05,-0.004915604326388779,0.13177521496792402,-0.09428098581015562,0.014031488752333055,-0.09244404958613273,0.786119150911173,-0.10414388325343774,0.00019651339709653886,-0.007270254961305499,0.6006529447693713,subgroup,croho=='B Computer Science & Engineering' ∧ sex=='SEX_M' ∧ type_vooropleiding=='BUITENL_SL',131.79950096701654,123,57,0.0395,1.7486,4.0509,0.7786,-0.0027987588786262396,1.7583368991584651,4.22918107781848,-0.10864356011981072,0.7621308111025598,0.7180061250412526,0.19432860499911603,718.0,0.7390873573235639,0.6445891614817528,0.10685561913695835,670.0,0.3659707644761696,-0.3442582205801895,0.5678181248262134,848.0
-0.2231,1.9004,5.7352,-0.4335,6.962615822534517,0.04760119800412147,0.027038697308871977,0.017028413200746554,0.0004064885821896111,-0.0009495208829685331,0.7315219569197106,-0.10647187075658822,0.0007538007761858776,0.13300603998785973,0.6734035079646631,-0.05748701788810229,0.005854546054867141,0.011917585573816933,0.6247039917335726,subgroup,course_repeater==np.False_ ∧ croho=='B Electrical Engineering' ∧ type_vooropleiding=='BUITENL_SL',124.34169888088438,173,62,0.0327,1.8178,4.5356,0.4884,-0.013038936506496235,1.7483870967741937,4.7502987500525435,-0.24726831997016643,0.8840132957691033,1.2073099766447173,0.5819273812291961,1006.0,0.8519272199424603,1.0537674723860773,0.6844782054064228,1045.0,0.35920316439690364,-0.3622646564005841,0.8008983217272581,1097.0
-0.0745,1.8594,4.7361,-0.2409,5.684503094001573,0.09707210986612216,0.009336123114125261,0.024561014941505054,0.0009426625681741386,-0.0038277272775788587,0.38583009173580873,-0.10190919277217025,0.019064202190822048,0.1507330948659319,0.7390740973352103,-0.0964085272674478,0.007596189150870394,0.005497798132546902,0.8960861246667314,subgroup,croho=='B Electrical Engineering' ∧ origin=='ORIGIN_E' ∧ type_vooropleiding=='BUITENL_SL',122.09529894908546,112,34,-0.1068,1.9597,4.8783,0.6179,-0.003698530618372997,1.8594537815126049,4.42394887642557,0.12767857142857073,0.42491610576879846,-0.19082455518968638,0.10125751327723265,222.0,0.6704570778560567,0.44519465033317485,0.5269043137086555,301.0,0.7795040733455891,0.7799274905737797,0.8648813108447939,362.0
-0.0799,1.5312,4.0001,-0.1698,6.713106284906068,0.08657055168245165,0.00016788178805438858,0.02161202661343154,0.0010473469426057706,-0.0002170395840877812,0.9553221435770743,-0.08951268411520125,0.028338965906630296,0.23612232390840698,0.5172701388134427,-0.09352085656787834,0.0020391429225606393,-0.0018749365314362125,0.9031733838453169,subgroup,course_repeater==np.False_ ∧ croho=='B Computer Science & Engineering' ∧ origin=='ORIGIN_E',117.25337299705267,110,40,-0.2627,1.8422,4.6774,1.0264,-0.0004981024737384931,1.5561363636363643,3.7060888429752064,-0.042954545454543004,0.2522870292145482,-0.6735432964062227,0.03966471669173188,279.0,0.6692302169580262,0.4411512794707437,0.31364258219036856,373.0,0.9241401747776151,1.462122457965975,0.9456004251151171,529.0
0.0228,1.4967,3.7636,-0.0735,5.652399032117385,0.09691595648449285,2.4079938186770867e-05,0.020459281960221242,0.0016893819635247203,-0.0016698222378560385,0.6623238763312302,-0.05481314070457569,0.16987770701059624,0.04754189030402489,0.8949615743547346,-0.09038241060849174,0.002239483831323239,-0.005427454252473012,0.7195668564073271,subgroup,croho=='B Computer Science & Engineering' ∧ origin=='ORIGIN_E' ∧ type_vooropleiding=='BUITENL_SL',107.37640468380866,118,42,-0.1814,1.8096,4.5503,1.0684,-0.00274938028746341,1.6204196933010497,3.8622052023912126,0.10290556900726534,0.1831283526661336,-0.9136228274613102,0.03284043792086777,304.0,0.4388035815151784,-0.15496772064564324,0.16032980679369757,371.0,0.8659712409279485,1.1227929493355002,0.9258655105845719,567.0
-0.0465,1.9523,5.4032,-0.5602,7.074136999686429,0.04028253783203019,0.08734530312671898,0.015433654562222614,0.001519758589267641,0.0005694429008186895,0.8478474649436116,-0.11469134550542873,0.0010138367873035181,0.17580498871630856,0.6208236978866661,-0.046920057121998246,0.027008206123826806,0.006339391787905688,0.806688581339627,subgroup,croho=='B Electrical Engineering' ∧ sex=='SEX_M' ∧ type_vooropleiding=='BUITENL_SL',107.32590532993453,150,52,0.1077,1.8324,4.6072,0.2374,-0.04830481845950141,1.9020256410256413,5.412676136752134,-0.499410256410255,0.9105671159557787,1.3630146113612744,0.7696395346321967,770.0,0.49213017429492745,-0.019824982462811135,0.3179069706787152,637.0,0.12025157562165911,-1.187573579285997,0.29867985896384647,631.0
-0.1777,1.8701,5.4178,-0.5381,6.435271773297021,0.05435497926298376,0.011910036326977996,0.016157346978694413,0.0003909849803923669,-0.0009050544454407027,0.7430394072388978,-0.09165494128757608,0.0023965828870590082,0.14578798814770288,0.6450859459570886,-0.05507697471079266,0.005983165125111491,0.00731082340246865,0.7630840423895767,subgroup,croho=='B Electrical Engineering' ∧ type_vooropleiding=='BUITENL_SL',106.11540510533926,183,69,0.0898,1.7239,4.1872,0.3786,-0.025916658135070936,1.7637522768670308,4.719389014173376,-0.3452839154193394,0.9326258473374601,1.5136525616601577,0.7770641844898509,1335.0,0.8121344668829003,0.8916383465794916,0.6231994854433879,1260.0,0.15895675346687987,-1.0061434544869117,0.44885791607079895,1186.0
-0.1721,1.8374,5.2503,-0.4857,6.435271773297021,0.05435497926298376,0.011910036326977996,0.016157346978694413,0.0003909849803923669,-0.0009050544454407027,0.7430394072388978,-0.09165494128757608,0.0023965828870590082,0.14578798814770288,0.6450859459570886,-0.05507697471079266,0.005983165125111491,0.00731082340246865,0.7630840423895767,subgroup,croho=='B Electrical Engineering' ∧ double_major==False ∧ type_vooropleiding=='BUITENL_SL',106.11540510533926,183,68,0.0716,1.7128,4.1587,0.4206,-0.01916862579622558,1.7323529411764707,4.5652406672603645,-0.29302475088395996,0.9080665706629399,1.342804602013676,0.7150717581307305,1266.0,0.8041053136090055,0.8619504346893511,0.5751185502660183,1204.0,0.21918120256095186,-0.7796157137101458,0.5316565237949528,1186.0
0.0425,1.5007,3.6813,-0.0754,5.788668845484396,0.09046658459586482,4.291065566143639e-05,0.01963302958853389,0.00213395225008996,-0.002237795753504945,0.5536445748688217,-0.05756881701487636,0.14468090108766946,0.11463900314175385,0.7472313030119357,-0.08467067391588949,0.003377291742905844,-0.007313539177117939,0.6254464383377375,subgroup,croho=='B Computer Science & Engineering' ∧ origin=='ORIGIN_E',99.98339294100275,121,43,-0.1801,1.8139,4.537,0.9972,-0.0011938573238055028,1.6266192581203156,3.8492519573100714,0.06774937536036871,0.13982366345325412,-1.0952520924837676,0.03082490160772977,318.0,0.3825930443259709,-0.3006217279164673,0.14419757993812254,384.0,0.8733606778502956,1.1583176172095466,0.9346806920386825,598.0
0.0425,1.5007,3.6813,-0.0754,5.788668845484396,0.09046658459586482,4.291065566143639e-05,0.01963302958853389,0.00213395225008996,-0.002237795753504945,0.5536445748688217,-0.05756881701487636,0.14468090108766946,0.11463900314175385,0.7472313030119357,-0.08467067391588949,0.003377291742905844,-0.007313539177117939,0.6254464383377375,subgroup,croho=='B Computer Science & Engineering' ∧ double_major==False ∧ origin=='ORIGIN_E',99.98339294100275,121,43,-0.1801,1.8139,4.537,0.9972,-0.0011938573238055028,1.6266192581203156,3.8492519573100714,0.06774937536036871,0.13982366345325412,-1.0952520924837676,0.03082490160772977,318.0,0.3825930443259709,-0.3006217279164673,0.14419757993812254,384.0,0.8733606778502956,1.1583176172095466,0.9346806920386825,598.0
-0.0498,1.9453,4.9852,-0.1452,7.180305026016371,0.00860571817385615,0.7752796121271445,0.01876870166996257,0.00870026294735605,-0.0015797125806365532,0.7377463970360973,-0.14390138101478994,0.0031741466985376007,0.40123056784337047,0.41425085595851585,-0.04639483272307506,0.16152981405608446,-0.04732985608042857,0.18214642235665043,subgroup,croho=='B Electrical Engineering' ∧ origin=='ORIGIN_E' ∧ sex=='SEX_M',97.01467762173964,101,30,-0.1372,2.0698,5.4004,0.7135,-0.014206012724031769,1.991485148514851,4.816351664869456,0.2597359735973586,0.3019551329079292,-0.5245103150943402,0.10646642651408911,171.0,0.5977221653528845,0.24973132396834746,0.41178847197443247,221.0,0.8203262137988371,0.9313778153036987,0.8553168969228864,284.0
-0.1689,1.9219,6.1237,-0.7185,6.74977685778328,0.029771071998353823,0.24925446168772106,0.013328132090753016,0.016271500370427794,-0.0004847871828564795,0.8829514699911545,-0.08011173758674969,0.03742511678244975,0.23996769998855771,0.5921249242723892,-0.04113700781994192,0.07608352947333699,-0.002400044425289266,0.9336959525777324,subgroup,croho=='B Electrical Engineering' ∧ origin=='ORIGIN_R',75.10513800835533,74,36,0.2074,1.6166,4.1524,0.2977,-0.1379109225874866,2.0055555555555555,5.961388888888889,-0.8499999999999999,0.9347680273397371,1.5486408718257796,0.8868126530724112,410.0,0.5529098528087731,0.13398707147858524,0.10434235844877549,252.0,0.03737164657096124,-1.8368030042575296,0.07164655841188505,239.0
-0.143,1.854,5.7706,-0.6162,6.74977685778328,0.029771071998353823,0.24925446168772106,0.013328132090753016,0.016271500370427794,-0.0004847871828564795,0.8829514699911545,-0.08011173758674969,0.03742511678244975,0.23996769998855771,0.5921249242723892,-0.04113700781994192,0.07608352947333699,-0.002400044425289266,0.9336959525777324,subgroup,croho=='B Electrical Engineering' ∧ double_major==False ∧ origin=='ORIGIN_R',75.10513800835533,74,35,0.1887,1.5921,4.0962,0.3769,-0.11226199869357978,1.9414285714285715,5.615642857142857,-0.7528571428571428,0.9012786009870972,1.314602085734246,0.8329622517339885,374.0,0.5490883218131162,0.12428266017771014,0.08677523076767102,231.0,0.06299100673937169,-1.5686866308581195,0.1095923823886551,239.0
-0.1503,1.9464,6.3663,-0.5593,6.718698315941374,0.03181255186787757,0.23560363379976476,0.0133793506337057,0.017989306149721402,-0.0004914765402256652,0.8837834069119559,-0.07961868530062852,0.044960563935827,0.22442376004798947,0.6304282623205615,-0.04147799105616193,0.07916528666909664,-0.0034686920101276997,0.9061655770639139,subgroup,course_repeater==np.False_ ∧ croho=='B Electrical Engineering' ∧ origin=='ORIGIN_R',74.80684086284734,71,31,0.1651,1.7393,4.6207,0.4515,-0.07869242951738542,1.9816901408450702,5.969760032251666,-0.6599273057701049,0.877948119688337,1.18812936190799,0.7025927873328328,275.0,0.6101452810534451,0.2822243561531121,0.17342264205217361,199.0,0.11589622626210705,-1.220472822949322,0.2775692134164274,217.0
-0.0165,1.4356,2.9043,0.1002,4.961971861676242,-0.01733765306573596,0.692024049073408,-0.0012314497401847268,0.8171256505132151,-0.009802575315406785,0.04968816342592449,-0.01415789775383957,0.7571549869147461,0.7986245425626931,0.1303703413687576,0.0203307907932935,0.49709750809736,0.010491542351948997,0.85873899014669,subgroup,croho=='B Electrical Engineering' ∧ origin=='ORIGIN_N',73.82726430909825,82,44,0.0014,1.4093,2.8532,-0.6262,-4.971428610955897e-05,1.343569844789357,2.857223649342924,0.01191796008869208,0.5450449753137028,0.11382027203837618,0.47927118322667184,490.0,0.5660346202235024,0.16728409713667822,0.8184130452945624,573.0,0.49512612176292414,-0.012288546980503478,0.5801125493136396,512.0
-0.0165,1.4356,2.9043,0.1002,4.961971861676242,-0.01733765306573596,0.692024049073408,-0.0012314497401847268,0.8171256505132151,-0.009802575315406785,0.04968816342592449,-0.01415789775383957,0.7571549869147461,0.7986245425626931,0.1303703413687576,0.0203307907932935,0.49709750809736,0.010491542351948997,0.85873899014669,subgroup,croho=='B Electrical Engineering' ∧ double_major==False ∧ origin=='ORIGIN_N',73.82726430909825,82,44,0.0014,1.4093,2.8532,-0.6262,-4.971428610955897e-05,1.343569844789357,2.857223649342924,0.01191796008869208,0.5450449753137028,0.11382027203837618,0.47927118322667184,490.0,0.5660346202235024,0.16728409713667822,0.8184130452945624,573.0,0.49512612176292414,-0.012288546980503478,0.5801125493136396,512.0
-0.1595,1.7529,4.9007,-0.4164,6.538474046997607,0.06137955777860955,0.0009933860403476351,0.01201982517716151,0.017348733714615348,0.0005388987811518345,0.8374850744607472,-0.0428949992446222,0.20987853120320513,-0.05651156973020455,0.8517628078498826,-0.0537200986850134,0.019268831411329835,-3.212862901683013e-05,0.9980177363632734,subgroup,course_repeater==np.False_ ∧ croho=='B Computer Science & Engineering' ∧ type_vooropleiding=='BUITENL_SL',73.22867931780365,156,74,-0.0873,1.835,4.5953,0.8118,-0.03135703454961303,1.681410256410257,4.359106973097355,-0.3640505890505865,0.6545837798360219,0.3993075334905094,0.19067112317295482,1225.0,0.8521971015790113,1.0534575122223995,0.46672613124338985,1372.0,0.656598407530516,0.4048069399903469,0.8151338129903167,1554.0
-0.0806,1.2091,2.2086,-0.4244,3.7643268019566563,0.08512719753686387,0.03347771906910505,0.007284534995924519,0.44453646807759906,-0.00210362168241026,0.7453867512555259,-0.015461503539732734,0.7490513589028158,-0.8935093243226162,0.10629568847320431,-0.030458189219968512,0.464910823681296,-0.018943740735290253,0.5009584283531314,subgroup,croho=='B Psychology & Technology',70.19515274959349,73,36,-0.8877,1.6889,3.858,-1.4204,-0.03661426135729173,1.198592085235921,2.118620389483122,-0.273554033485541,0.001577092011042971,-3.1709632907111986,0.0004955305776093155,130.0,0.5909323885784081,0.23168073143430648,0.5647147620475153,343.0,0.9948637387547726,2.7129909204876097,0.9974402774096234,507.0
-0.0793,1.2079,2.2059,-0.4264,3.8313764969932027,0.08338506055472598,0.04052983963795113,0.007350781787234004,0.4437885031541353,-0.002244580048135463,0.7315016407505404,-0.017491229514906254,0.7219381959821181,-0.8907594685011699,0.10991771353387413,-0.03025661325583376,0.4710722511167974,-0.01832851197949048,0.5189877870208819,subgroup,croho=='B Psychology & Technology' ∧ double_major==False,68.56716118134331,72,36,-0.8877,1.6889,3.858,-1.4204,-0.04162340726757896,1.2046296296296297,2.128858024691358,-0.2916666666666667,0.001576254133249417,-3.1711626481708284,0.0004078683559782803,127.0,0.5792420274826873,0.20144616264193935,0.5216543385613477,336.0,0.9950863041116355,2.7307978007487548,0.9978226874372922,510.0
0.0684,1.4273,2.7236,0.1217,4.3970472882564025,0.01464031924887982,0.7722552550427115,0.0014931065064897747,0.820727654995307,-0.011337570476547506,0.06258151426352691,-0.0076166688534622246,0.8855428762267222,0.6222983582495929,0.3052408257124127,0.0050331553183835896,0.8857476811689484,-0.005743845214507395,0.9300962323867027,subgroup,croho=='B Electrical Engineering' ∧ origin=='ORIGIN_N' ∧ sex=='SEX_M',67.1864834752639,70,43,0.0013,1.4406,2.9194,-0.6392,-0.002350301675583033,1.3705980066445185,2.9302456098718563,0.08289036544850524,0.3188761909158611,-0.47428634639480527,0.28088308703354414,424.0,0.24997207488998646,-0.6804651768650058,0.5828332103354796,490.0,0.48823619371202087,-0.029667972208742094,0.587493508394914,491.0
-0.4803,1.4387,3.6087,-0.6574,3.404971113818982,0.09437254064291892,0.00026116921052340877,0.0008463464979054382,0.8405013707285618,0.0023425546954498723,0.5668420606713174,0.001262835051693974,0.9679674110305341,-0.8871411526040851,0.015892193709355556,0.0035823232439007556,0.836167718885579,-0.050874899188901965,0.005253518414776007,subgroup,croho=='B Mechanical Engineering' ∧ sex=='SEX_M' ∧ type_vooropleiding=='VWO',64.08604486651573,102,47,-0.4224,1.5003,3.4676,-1.0502,-0.14257150151415976,1.3059449311639553,2.7854227711109476,-0.5895494367959954,0.6233433575820373,0.31615730584705964,0.1380975292605413,460.0,0.8457403117167986,1.0297332740467091,0.683407680391916,609.0,0.9367301402677866,1.5560942839314607,0.8710415649828107,671.0
-0.0628,1.7024,4.5445,-0.2761,5.669880222062678,0.0688072841558903,0.0001334982631350468,0.011157180475472157,0.024704084064109757,-0.00025140402957989604,0.9224806861550923,-0.018480124959246412,0.5772567101700434,-0.17056216439600225,0.5603241652611286,-0.05096484095953123,0.02216419476307394,-0.002292961682082045,0.8560249378606924,subgroup,croho=='B Computer Science & Engineering' ∧ type_vooropleiding=='BUITENL_SL',60.94840107413981,169,77,-0.0571,1.8195,4.5201,0.8039,-0.012686403343814545,1.715330823023131,4.330082407351411,-0.23290555598247992,0.5153587879561494,0.038635353682379116,0.08639400923265467,1233.0,0.6798444113345317,0.4691420538867475,0.2473289160162503,1367.0,0.6426891382991973,0.3670231380439756,0.80806438186924,1673.0
-0.0568,1.6711,4.385,-0.226,5.669880222062678,0.0688072841558903,0.0001334982631350468,0.011157180475472157,0.024704084064109757,-0.00025140402957989604,0.9224806861550923,-0.018480124959246412,0.5772567101700434,-0.17056216439600225,0.5603241652611286,-0.05096484095953123,0.02216419476307394,-0.002292961682082045,0.8560249378606924,subgroup,croho=='B Computer Science & Engineering' ∧ double_major==False ∧ type_vooropleiding=='BUITENL_SL',60.94840107413981,169,76,-0.0731,1.8026,4.4528,0.8553,-0.008175977433966919,1.6861180317658053,4.183265287224574,-0.1841871691061983,0.4574733689579775,-0.10716183082977147,0.05656615530225326,1157.0,0.6678758558744573,0.4357796851965019,0.2171718653045323,1312.0,0.6976448260251511,0.519833839345143,0.8557362208088537,1668.0
-0.0377,1.6862,4.4268,-0.2072,6.2423438377883365,0.07583983736611229,0.0017061351403870825,0.012576197820447154,0.015312328897066654,-0.0045918487216491935,0.15906345804286265,-0.04389848813572906,0.23896709853084502,0.1385312207762039,0.6932672851138337,-0.05670842503820889,0.01885569891145998,-0.0025583046443178083,0.8598088979191674,subgroup,course_repeater==np.False_ ∧ croho=='B Computer Science & Engineering' ∧ sex=='SEX_M',60.24537328942285,144,71,0.0155,1.7685,4.1997,0.6134,-0.010511548992169883,1.7334311424100157,4.310708762606503,-0.21175665101721394,0.6465248361173803,0.3774917569363874,0.19346308267936752,1127.0,0.5981181978208773,0.24942358157491792,0.22130360072091076,1144.0,0.4112976796786765,-0.2250509191323631,0.7243799612235162,1382.0
-0.7042,1.4611,3.8409,-0.4739,3.9468508648270344,0.09005458587163183,0.00021240488553031956,-0.0013934081897584777,0.7110217529668884,0.0061015602117925356,0.06507377810711037,-0.007425629172801946,0.7935643715737678,-0.7009060418178172,0.044581509538919296,0.00977698373557074,0.5430669745899097,-0.04463330176551231,0.007775650014047331,subgroup,croho=='B Mechanical Engineering' ∧ origin=='ORIGIN_N' ∧ type_vooropleiding=='VWO',59.67222647872021,113,51,-0.3965,1.4275,3.1474,-0.9677,-0.12441183974244097,1.2653999652958525,2.5342539606491816,-0.5295332292208915,0.8581709364007941,1.083786365670459,0.2711709727247248,598.0,0.9449573907228279,1.6267109706785896,0.747139790532299,734.0,0.9344715978152762,1.5351271728580755,0.8108697440145094,757.0
-0.6042,1.458,3.7796,-0.5021,4.01697300832946,0.08837716671856799,0.00024356213326353067,-0.00137614921349668,0.71371139190387,0.006044155584372442,0.06677384558579084,-0.008655615350351947,0.7592467294626489,-0.7059720244483534,0.042484798569352694,0.01002799935062039,0.5315816982262304,-0.04435178509803308,0.007967285859973895,subgroup,croho=='B Mechanical Engineering' ∧ type_vooropleiding=='VWO',57.744634200764715,114,52,-0.3761,1.4547,3.2423,-1.0037,-0.1429075624732674,1.303744939271255,2.692811101640741,-0.5802631578947369,0.8011433105379557,0.8528805350986921,0.22214142819629584,605.0,0.9100636317014945,1.359806243019546,0.6755697720676512,739.0,0.9135382646383856,1.382235138097572,0.758421061763017,766.0
-0.6042,1.458,3.7796,-0.5021,4.01697300832946,0.08837716671856799,0.00024356213326353067,-0.00137614921349668,0.71371139190387,0.006044155584372442,0.06677384558579084,-0.008655615350351947,0.7592467294626489,-0.7059720244483534,0.042484798569352694,0.01002799935062039,0.5315816982262304,-0.04435178509803308,0.007967285859973895,subgroup,croho=='B Mechanical Engineering' ∧ double_major==False ∧ type_vooropleiding=='VWO',57.744634200764715,114,52,-0.3761,1.4547,3.2423,-1.0037,-0.1429075624732674,1.303744939271255,2.692811101640741,-0.5802631578947369,0.8011433105379557,0.8528805350986921,0.22214142819629584,605.0,0.9100636317014945,1.359806243019546,0.6755697720676512,739.0,0.9135382646383856,1.382235138097572,0.758421061763017,766.0
-0.1727,1.3042,2.8007,-0.2166,4.11405060917582,0.07905987472078663,5.941317209280233e-05,0.004541128062061475,0.2322676819948302,0.0007966252003942659,0.8078828142380416,-0.018848849714228205,0.44651685986505074,-0.7618354575485621,0.02050867690039134,-0.014043473305956466,0.3841780440039696,-0.03513631080284921,0.014939148602872316,subgroup,croho=='B Mechanical Engineering' ∧ origin=='ORIGIN_N' ∧ sex=='SEX_M',54.42097253540329,136,59,-0.2643,1.3902,3.0194,-0.787,-0.028293504451057494,1.2112911266201394,2.4558047548530872,-0.2599451645064806,0.19917186799494507,-0.8508646245037871,0.09201577367193486,709.0,0.7902781232811825,0.8131743035047719,0.6773949538099544,946.0,0.9249634975214598,1.4585877593601562,0.8647701407067494,1031.0
0.1393,1.7233,4.4794,0.2973,2.433988645304037,0.11576922004359329,0.00017496741863760708,-0.0014562563964167531,0.7843378958149447,-0.003451315330013337,0.36162611562649216,0.09281610302366958,0.02374014422544897,0.15180362446367557,0.7788018074656345,-0.013345970481295016,0.6229331072263125,-0.021105211424295042,0.2796825987782055,subgroup,course_repeater==np.False_ ∧ croho=='B Data Science (joint degree)' ∧ double_major==False,53.52004932395106,86,39,0.0668,1.8524,4.8571,-0.1101,-0.002999949753071496,1.8941264162194387,5.2203081013992305,0.12495527728085787,0.2803705247370169,-0.5869011410229362,0.30228291764979076,352.0,0.18405378151082907,-0.9108669552019864,0.2469639324954187,340.0,0.24079310731901316,-0.7107382940939379,0.046439338746495196,269.0
0.1402,1.7258,4.475,0.2768,2.4211366143098756,0.11531887125645092,0.0001534261839842544,-0.0011893586257254478,0.81989680425453,-0.0031789119307969677,0.3874697282714874,0.09271829295911377,0.021804671608180802,0.1408362361548201,0.7918114588040388,-0.014423439921643999,0.5893327491647045,-0.021152441448951988,0.27287533339479075,subgroup,course_repeater==np.False_ ∧ croho=='B Data Science (joint degree)',52.777564609146275,88,39,0.0668,1.8524,4.8571,-0.1101,-0.002951924111060711,1.8939976689976685,5.22005814261496,0.12395104895104947,0.2734788658623857,-0.6077663749289787,0.31200483525208256,354.0,0.18202271991413937,-0.9187038496590647,0.2558017710380227,342.0,0.24091147357584786,-0.7103519707519325,0.04506937263067812,268.0
0.1071,1.5584,3.7754,-0.1034,5.015372383113789,0.08436014139151626,0.0002523599231976171,0.010447629751910015,0.03844031333326678,-0.00584550060387516,0.06565539442274332,-0.007705017162074987,0.8278055892714401,0.05698820631598123,0.8676300206427079,-0.04699035376147305,0.042239181357735515,-0.009806083647586651,0.48457886879589873,subgroup,croho=='B Computer Science & Engineering' ∧ sex=='SEX_M',52.62695057429408,160,78,0.0558,1.7092,3.9922,0.5802,-0.0015099677493841668,1.7350320512820514,4.234703165064103,-0.07990384615384713,0.3007955780936511,-0.5242780679313236,0.06220029018809161,1232.0,0.12262571847552212,-1.170896028333665,0.031070260368999018,1166.0,0.2742431676805884,-0.6026893093807943,0.5642976387227904,1573.0
0.1251,1.5254,3.6061,-0.0515,5.015372383113789,0.08436014139151626,0.0002523599231976171,0.010447629751910015,0.03844031333326678,-0.00584550060387516,0.06565539442274332,-0.007705017162074987,0.8278055892714401,0.05698820631598123,0.8676300206427079,-0.04699035376147305,0.042239181357735515,-0.009806083647586651,0.48457886879589873,subgroup,croho=='B Computer Science & Engineering' ∧ double_major==False ∧ sex=='SEX_M',52.62695057429408,160,77,0.0492,1.6911,3.9189,0.6281,-0.00028709257844861114,1.7110227272727272,4.122903672889612,-0.03439935064935157,0.2225458453662617,-0.7676194176840442,0.0392596922264445,1155.0,0.0962799482599553,-1.3147131323304333,0.02024289587045867,1098.0,0.3082608736780236,-0.5028530265487299,0.6245078251957588,1564.0
-0.1673,1.0377,1.6507,-0.7721,5.172772181696862,-0.0008171571936488493,0.9705957978349178,-0.000995163298259276,0.771025701938733,-0.00024144542426544208,0.9408145742406082,-0.04403812921311169,0.1668050962565035,0.5045271685890574,0.26641833380008384,0.02139949492605473,0.24549158598566384,-0.005458126232655305,0.650245567431361,subgroup,origin=='ORIGIN_N' ∧ sex=='SEX_V' ∧ type_vooropleiding=='VWO',51.9925119935305,86,34,-1.418,1.6007,3.4194,-1.4461,-0.5657510043996719,1.272845417236662,2.2142103044570995,-0.8944596443228455,1.301808793146872e-05,-4.882909273372457,1.4327815733850002e-05,69.0,0.02783185662195381,-1.9836658484397218,0.016386065573897213,173.0,0.9986773996932147,3.2516829737306243,0.999515418894589,483.0
-0.2232,1.3262,3.0099,-0.1886,4.603288144561041,0.07429171205302443,5.19643147672061e-05,0.0019496066899455768,0.5699523812754772,0.004640779778965671,0.09725083795335593,-0.02650488916152745,0.2470522667194045,-0.6451783145809569,0.03836596878707549,-0.0036685213352168483,0.805809641614723,-0.03603376859927577,0.006518070619681473,subgroup,croho=='B Mechanical Engineering' ∧ origin=='ORIGIN_N',51.19817308815548,151,68,-0.1958,1.3952,2.9425,-0.7999,-0.03541362624207012,1.2629820802493177,2.547840787426764,-0.2951986754966882,0.5588915912363838,0.1487256999229194,0.07464506186554476,937.0,0.8187810636434503,0.9169881927861813,0.47320571438239417,1162.0,0.8627890497602618,1.101959999068612,0.7414096796215033,1279.0
-0.2232,1.3262,3.0099,-0.1886,4.603288144561041,0.07429171205302443,5.19643147672061e-05,0.0019496066899455768,0.5699523812754772,0.004640779778965671,0.09725083795335593,-0.02650488916152745,0.2470522667194045,-0.6451783145809569,0.03836596878707549,-0.0036685213352168483,0.805809641614723,-0.03603376859927577,0.006518070619681473,subgroup,croho=='B Mechanical Engineering' ∧ double_major==False ∧ origin=='ORIGIN_N',51.19817308815548,151,68,-0.1958,1.3952,2.9425,-0.7999,-0.03541362624207012,1.2629820802493177,2.547840787426764,-0.2951986754966882,0.5588915912363838,0.1487256999229194,0.07464506186554476,937.0,0.8187810636434503,0.9169881927861813,0.47320571438239417,1162.0,0.8627890497602618,1.101959999068612,0.7414096796215033,1279.0
-0.1295,1.0526,1.6676,-0.7135,5.173672770505615,0.0006813369841578015,0.975213413793518,-0.001128415120876066,0.7367306195208344,4.329345449916033e-06,0.9989257433153795,-0.04318605449481675,0.1645320215380602,0.4737892637243504,0.28408008662428724,0.02155933453464008,0.22484743061831589,-0.005765117965280148,0.6176357568946467,subgroup,sex=='SEX_V' ∧ type_vooropleiding=='VWO',50.099499515169036,89,35,-1.2569,1.5722,3.3321,-1.3875,-0.493928153825153,1.2729052969502401,2.205696502966795,-0.8539646869983937,2.9322070303120067e-05,-4.586502783959002,3.252533497288823e-05,85.0,0.031548763815594655,-1.9213941861587085,0.024728880234761164,195.0,0.9981886805305362,3.125408119839859,0.9984964016766753,491.0
-0.1295,1.0526,1.6676,-0.7135,5.173672770505615,0.0006813369841578015,0.975213413793518,-0.001128415120876066,0.7367306195208344,4.329345449916033e-06,0.9989257433153795,-0.04318605449481675,0.1645320215380602,0.4737892637243504,0.28408008662428724,0.02155933453464008,0.22484743061831589,-0.005765117965280148,0.6176357568946467,subgroup,double_major==False ∧ sex=='SEX_V' ∧ type_vooropleiding=='VWO',50.099499515169036,89,35,-1.2569,1.5722,3.3321,-1.3875,-0.493928153825153,1.2729052969502401,2.205696502966795,-0.8539646869983937,2.9322070303120067e-05,-4.586502783959002,3.252533497288823e-05,85.0,0.031548763815594655,-1.9213941861587085,0.024728880234761164,195.0,0.9981886805305362,3.125408119839859,0.9984964016766753,491.0
-0.2979,1.6354,4.6771,-0.31,5.3835047010866734,0.02071544102439349,0.25765447879083814,0.012143235739577905,0.061348832719735846,0.0004007300872803741,0.8777148161766812,-0.013075597922805729,0.7548345989899804,-1.1360248558082846,0.007028452394611733,-0.04113561407372216,0.15024355055259075,-0.005301639875503236,0.7422910958763498,subgroup,course_repeater==np.False_ ∧ origin=='ORIGIN_R' ∧ sex=='SEX_V',48.11063548906542,83,48,-0.0849,1.6372,3.9093,0.5115,-0.009398892990344798,1.5191265060240964,3.6374109691779157,-0.18403614457831216,0.7402716664756976,0.6490633974621229,0.19193103772218834,502.0,0.8077796840303467,0.8779431978534205,0.4736701108966095,581.0,0.7211290120971734,0.5904132904528406,0.8423065014865436,686.0
-0.9936,1.3985,3.5783,-0.5597,4.663871977312966,0.07660382468476078,0.00458607816120136,-0.0019204160485697657,0.6787254509764187,0.00484188727794415,0.1742532002100065,-0.014934629542444358,0.6513571929289215,-0.78613816812994,0.04000691435743137,0.014293313540708702,0.44927111476518433,-0.044408699367588095,0.013497907755316674,subgroup,course_repeater==np.False_ ∧ croho=='B Mechanical Engineering' ∧ type_vooropleiding=='VWO',47.33311399286918,96,40,-0.6375,1.3672,2.9392,-1.0368,-0.2527485524185815,1.190416666666667,2.2485583767361117,-0.6735416666666673,0.7988827480182155,0.8468700587348411,0.299604471542807,370.0,0.9250647054085773,1.4689368851428997,0.7975311301752299,472.0,0.9365729748391348,1.5599356818027976,0.7975311301752299,472.0
0.2141,1.465,2.9262,-0.7035,4.737584400692734,0.05036057296532927,0.02972562074239544,0.008021077504473796,0.17837883898827303,-0.002056771539267279,0.5324636355991241,-0.053315219147211844,0.21071966465645772,0.07624663458937597,0.8594585856666723,-0.029020467702518357,0.23649091528235305,0.005873547723297994,0.6156043576354043,subgroup,course_repeater==np.False_ ∧ croho=='B Industrial Engineering' ∧ type_vooropleiding=='VWO',45.13584012592439,81,31,-0.0381,1.7219,3.8651,-0.847,-0.05571910835460914,1.7032656312226202,3.9307465423740475,-0.45547590601354093,0.0038574034262792278,-2.8560428547939822,0.00659928610548377,123.0,0.022845213134749846,-2.0848834513798633,0.012322810478508472,134.0,0.4198298204304013,-0.20409225271475526,0.5269493735395372,251.0
0.1503,1.2293,2.1914,-0.4882,4.763950943434983,0.015076981729373279,0.49085748699505427,-0.0009039346390607231,0.8045208877317093,0.001832278249148422,0.5708236420944943,-0.03012758536429292,0.3865561200923896,0.03403646963524476,0.9433871946420929,0.016619118993794577,0.3804676642683864,-0.0035518946144103003,0.7703826702375192,subgroup,course_repeater==np.False_ ∧ origin=='ORIGIN_N' ∧ sex=='SEX_V',42.97526989459001,82,29,-0.408,1.589,3.6314,-1.1302,-0.12030682175632479,1.3977291841883934,2.8892992676772864,-0.5570227081581158,0.0021619319821346355,-3.1051278282570833,0.004608120769262314,99.0,0.05000089602605437,-1.7011215015573453,0.060327306389808655,145.0,0.9160900324443433,1.4159456610477066,0.9342046566307545,287.0
0.2043,1.525,3.1166,-0.6051,4.784218383563635,0.05206265288506721,0.009489604034546214,0.008140549459401552,0.12820287989964668,-0.000921045231053348,0.7583391021683721,-0.04923326866593815,0.14476693795242646,-0.15127305928749135,0.6979876822527268,-0.031909038363201275,0.16343022365346266,0.008623235451505742,0.4014023834960302,subgroup,course_repeater==np.False_ ∧ croho=='B Industrial Engineering' ∧ origin=='ORIGIN_N',42.88708324937031,96,32,0.0217,1.7276,3.8321,-0.761,-0.025264776822356616,1.7423828124999998,4.015984157986111,-0.314583333333333,0.019888608869845913,-2.146410409294077,0.028483907924965024,162.0,0.030567227446623713,-1.9430871163748629,0.015460931928828359,149.0,0.29822632727551623,-0.5350209664390075,0.4377230014652014,255.0
0.1229,1.0917,1.8245,-0.588,4.83150736505085,0.011396427668046216,0.5464927478493539,-0.000751269395209391,0.8196816426803025,0.0014226867482731616,0.6343671427183549,-0.02782488556775388,0.34990365784808697,0.2625811988973006,0.516369509515364,0.014458201103352173,0.4066296951148485,-0.001396577601124327,0.9016687722173886,subgroup,origin=='ORIGIN_N' ∧ sex=='SEX_V',41.023034347576164,109,41,-0.6288,1.5961,3.3881,-1.2717,-0.24196446932869775,1.3597001566345932,2.5834043081698375,-0.7094428283732367,1.0159538107952066e-05,-4.8300269566144785,6.79468757880386e-06,115.0,0.007693353880043624,-2.531600176254316,0.0018038517805507581,210.0,0.9709636553550357,1.9511101955767236,0.991393265732313,612.0
0.1229,1.0917,1.8245,-0.588,4.83150736505085,0.011396427668046216,0.5464927478493539,-0.000751269395209391,0.8196816426803025,0.0014226867482731616,0.6343671427183549,-0.02782488556775388,0.34990365784808697,0.2625811988973006,0.516369509515364,0.014458201103352173,0.4066296951148485,-0.001396577601124327,0.9016687722173886,subgroup,double_major==False ∧ origin=='ORIGIN_N' ∧ sex=='SEX_V',41.023034347576164,109,41,-0.6288,1.5961,3.3881,-1.2717,-0.24196446932869775,1.3597001566345932,2.5834043081698375,-0.7094428283732367,1.0159538107952066e-05,-4.8300269566144785,6.79468757880386e-06,115.0,0.007693353880043624,-2.531600176254316,0.0018038517805507581,210.0,0.9709636553550357,1.9511101955767236,0.991393265732313,612.0
0.2343,1.5998,3.6279,-0.8586,4.516827274414268,0.05832929843152809,0.00694161589074332,0.00637639648981626,0.14582064182131485,0.0005921555248465777,0.8654465724804463,-0.03846739911793383,0.25358686359923815,0.22734441638358988,0.5800937683292424,-0.02765986775079708,0.1503080659539792,0.007529131266268432,0.5071650423095484,subgroup,croho=='B Industrial Engineering' ∧ sex=='SEX_M' ∧ type_vooropleiding=='VWO',40.55674083770707,84,30,-0.0248,1.9106,4.8557,-1.0711,-0.08574467904868555,1.8850793650793654,5.1442100340136045,-0.6373809523809524,0.005063159308843386,-2.7511794165867176,0.005651530809700489,111.0,0.018896883868796194,-2.1766370318633195,0.009830407798290253,120.0,0.2424264707796564,-0.7075821044639875,0.3575664833188057,214.0
-0.0155,1.6893,4.2871,-0.2161,5.94510182115528,0.054264470872463076,0.002103618356250576,0.005590671799947326,0.17868808490543756,0.00016921016009642824,0.9455932099139418,-0.008488646686011892,0.788685914722621,0.013626926631852165,0.962014842777041,-0.02846034893662834,0.1244499216156048,-0.00011863494729094301,0.9917241017428673,subgroup,course_repeater==np.False_ ∧ croho=='B Computer Science & Engineering',40.52160290371735,197,95,-0.0657,1.8087,4.4994,0.678,-0.01926383963874434,1.6945765428800428,4.3031952761906815,-0.2851830082821255,0.30978875277508056,-0.49809920497273225,0.06734255045468547,1877.0,0.4757573548283373,-0.06096727621319383,0.4191172554492873,2225.0,0.6612796803777734,0.4172587004628527,0.8896961128870149,2610.0
-0.0093,1.6652,4.1667,-0.1764,5.94510182115528,0.054264470872463076,0.002103618356250576,0.005590671799947326,0.17868808490543756,0.00016921016009642824,0.9455932099139418,-0.008488646686011892,0.788685914722621,0.013626926631852165,0.962014842777041,-0.02846034893662834,0.1244499216156048,-0.00011863494729094301,0.9917241017428673,subgroup,course_repeater==np.False_ ∧ croho=='B Computer Science & Engineering' ∧ double_major==False,40.52160290371735,197,94,-0.0766,1.7949,4.4447,0.7182,-0.01477910708393182,1.6713953990711738,4.1893483278445505,-0.24700831623285344,0.25759054766690115,-0.6532902241953762,0.045754279108181514,1785.0,0.4662272190257415,-0.08498697046780163,0.38793486720831655,2157.0,0.7053331955604767,0.5416811172632389,0.9188129445170004,2603.0
-0.2848,1.2377,2.6321,-0.1634,5.611700453377068,0.05554284450041157,0.005637194496626293,0.002556716862144377,0.5252872473217112,0.0034427554090517253,0.245727742835286,-0.046586071378351315,0.0778750847758094,-0.6568788923875819,0.05200261183492003,-0.0020435120676076373,0.9047031518604296,-0.03443583950804849,0.012981908750018225,subgroup,course_repeater==np.False_ ∧ croho=='B Mechanical Engineering' ∧ origin=='ORIGIN_N',39.773700403141106,127,55,-0.3059,1.3188,2.6753,-0.7689,-0.04399923621068935,1.1641947029348607,2.1387523658683683,-0.30022906227630736,0.46657953960502746,-0.08426283097403658,0.12208678630675363,631.0,0.83310312986196,0.9752322661029722,0.6056940391851939,802.0,0.9137332561613201,1.3824214566036521,0.7486615721458197,850.0
0.232,1.6329,3.7401,-0.6915,4.867248885831412,0.052331125379786805,0.008251335733269052,0.006750340633308096,0.1073266052970073,-0.00015010709460405725,0.964197244090687,-0.04851331778052594,0.09189421632245506,0.09785283209708395,0.7995004776144101,-0.02631933455703959,0.15710823224086337,0.005452683279525955,0.5914313859099352,subgroup,croho=='B Industrial Engineering' ∧ origin=='ORIGIN_N' ∧ sex=='SEX_M',38.1694076420585,94,32,0.0449,1.8697,4.6514,-0.9257,-0.04146934694999915,1.888364361702128,5.072108278632866,-0.4494015957446813,0.007876137832366563,-2.5548656053143666,0.007823881460353732,136.0,0.01127759318168302,-2.400659970881687,0.007401628419756889,135.0,0.15644150072073995,-1.0258886797229851,0.22145906393416226,222.0
0.0601,1.6215,3.9467,-0.0885,4.8955492894922665,0.0640644494026203,0.00016876090673019844,0.0039690284191150225,0.32940504572575435,-0.0007911622849257576,0.7444731063471588,0.024542193179744685,0.4156135840250861,-0.07089425010954076,0.798558934660537,-0.023519760754218254,0.1922884314427726,-0.0035239618978325157,0.7527180047323386,subgroup,croho=='B Computer Science & Engineering',34.48829218295729,215,102,-0.0288,1.7606,4.3201,0.6482,-0.006555484282890767,1.7077291381668942,4.226690367872406,-0.1659142726858184,0.12352492181094579,-1.164288782596373,0.02416049547340599,2035.0,0.15865886421667996,-1.0049599939472922,0.09393393751425821,2232.0,0.5921314256783895,0.2336402871381072,0.85233949465644,2940.0
0.0674,1.5992,3.8375,-0.0511,4.8955492894922665,0.0640644494026203,0.00016876090673019844,0.0039690284191150225,0.32940504572575435,-0.0007911622849257576,0.7444731063471588,0.024542193179744685,0.4156135840250861,-0.07089425010954076,0.798558934660537,-0.023519760754218254,0.1922884314427726,-0.0035239618978325157,0.7527180047323386,subgroup,croho=='B Computer Science & Engineering' ∧ double_major==False,34.48829218295729,215,101,-0.0371,1.7472,4.2674,0.6853,-0.004156821724372373,1.6878655307391204,4.131969970388061,-0.13078517154040978,0.09022527699312334,-1.3487912663823223,0.014883802165435764,1934.0,0.1485349188139654,-1.0482075281398116,0.07863129506160559,2158.0,0.6317326146670114,0.33738375089800926,0.8831249728608821,2927.0
0.0965,1.6875,3.9268,-1.0198,4.832924413520569,0.0407162125808649,0.03505491908625748,0.006578800035346223,0.11810488001628383,-0.0015479597775080217,0.6106886939664746,-0.04000803908783092,0.2118379063763636,0.2167424521518535,0.5694534223931496,-0.02493914129082757,0.1784244062962119,0.00765326368352693,0.4743280645832566,subgroup,croho=='B Industrial Engineering' ∧ type_vooropleiding=='VWO',34.36069209885374,101,38,-0.0919,1.8932,4.7457,-1.1261,-0.15816268922834298,1.875534132360605,5.033652557282828,-0.8291036998436698,0.009103425726567768,-2.4709068168468664,0.007422645801852923,204.0,0.026562912830988456,-1.9978345520173337,0.01477933374553686,221.0,0.20279375845806685,-0.8412945912456787,0.3128689318327815,336.0
0.0965,1.6875,3.9268,-1.0198,4.832924413520569,0.0407162125808649,0.03505491908625748,0.006578800035346223,0.11810488001628383,-0.0015479597775080217,0.6106886939664746,-0.04000803908783092,0.2118379063763636,0.2167424521518535,0.5694534223931496,-0.02493914129082757,0.1784244062962119,0.00765326368352693,0.4743280645832566,subgroup,croho=='B Industrial Engineering' ∧ double_major==False ∧ type_vooropleiding=='VWO',34.36069209885374,101,38,-0.0919,1.8932,4.7457,-1.1261,-0.15816268922834298,1.875534132360605,5.033652557282828,-0.8291036998436698,0.009103425726567768,-2.4709068168468664,0.007422645801852923,204.0,0.026562912830988456,-1.9978345520173337,0.01477933374553686,221.0,0.20279375845806685,-0.8412945912456787,0.3128689318327815,336.0
-0.0102,1.6164,4.3537,0.5778,3.5780432819913197,0.06453750005782047,0.02593009165157792,-0.007185036865511932,0.16774659902995406,-0.006045177888316183,0.15015170250611728,0.06538025768621794,0.14989543573418326,0.5118066191497794,0.4011797049034236,0.027901574759264337,0.24988479401278793,-0.021886379120654623,0.22128796356318564,subgroup,croho=='B Data Science (joint degree)' ∧ double_major==False ∧ type_vooropleiding=='BUITENL_SL',34.03854030790837,77,34,0.0745,1.6261,3.9884,0.2078,-0.020057065310896904,1.7207410236822003,4.396031222406319,0.294003055767762,0.7601911784181372,0.7150321081849443,0.5999253538902849,312.0,0.47471730386916633,-0.06390095474702788,0.4329992991988547,287.0,0.18995945612215664,-0.8899803582400945,0.056309308274649084,204.0
0.0125,1.4384,3.3782,0.0546,2.4901459016013217,0.06891701103882078,0.007071038926493524,0.002796815511028938,0.4470978233130648,0.00010698386407568747,0.9844131162598635,0.04203294728679653,0.13494178189744754,0.07853872178217225,0.8457754164713306,-0.01601456075856545,0.49254654362020944,0.0035777914678806824,0.8333774324355454,subgroup,course_repeater==np.True_ ∧ origin=='ORIGIN_N' ∧ sex=='SEX_M',33.79312925683337,100,37,-0.1374,1.5827,3.8907,-0.9559,-0.0026262623048833866,1.5267297297297298,3.4298020810810805,-0.09478378378378251,0.26567335107153356,-0.6320519481967659,0.18886346310318913,292.0,0.47044366000688354,-0.07467423636470828,0.16169174495735206,285.0,0.8280907481926462,0.9592758778625088,0.8661464656397584,425.0
0.076,1.7129,4.0681,-1.1015,4.932402067814016,0.03905526266481667,0.04448236948023096,0.00659326959779691,0.11793528714227308,-0.0016924860801115233,0.5790801197166964,-0.04059370551482408,0.20615183728098335,0.19637610522646232,0.6075445148210536,-0.025154638615070682,0.17550752385960092,0.008378588867591906,0.4358704562325143,subgroup,croho=='B Industrial Engineering' ∧ origin=='ORIGIN_N' ∧ type_vooropleiding=='VWO',33.601035835260035,100,37,-0.1048,1.928,4.8641,-1.1729,-0.1801606346019844,1.9161351351351352,5.195982621621624,-0.8906216216216228,0.010052824406230827,-2.432263611461045,0.005039760522777215,183.0,0.023950780806056095,-2.0480599460951634,0.012672458215092774,204.0,0.17626931761708675,-0.9418669888735889,0.3007593980655656,316.0
0.0267,1.5558,3.7258,0.0613,6.3713282701853,0.019798330856628178,0.08068005989523498,0.008292766078269915,0.00178278063986068,-0.00196951925427402,0.3880911534890815,-0.04204220636362532,0.0615478848549492,0.2296549487403512,0.3069311265460024,-0.025704654783361217,0.025925638037656726,-0.002358735097175375,0.7601949691490936,subgroup,course_repeater==np.False_ ∧ origin=='ORIGIN_E' ∧ sex=='SEX_M',33.06219389208161,353,133,-0.0805,1.7194,4.1363,0.7012,-0.004489328735707732,1.6034825022897186,3.8452537480094877,0.13109331402159657,0.08613422465379134,-1.372393575594922,0.0039313613723585055,3272.0,0.31536677344421143,-0.48181739948426466,0.04837964843646214,3716.0,0.8158614373950361,0.9027989247690326,0.973901000522187,5320.0
0.1009,1.7389,4.1055,-0.9448,4.910211837220563,0.04199198936426193,0.014495907278324754,0.0070448986958202495,0.08025192908791542,-0.0007865847543768387,0.7807811243880827,-0.0384621060970487,0.15954955077938524,-0.018315663792089543,0.9586007186359835,-0.028642518620931662,0.10921876009420528,0.010144599508955163,0.2855891258026807,subgroup,croho=='B Industrial Engineering' ∧ origin=='ORIGIN_N',32.8546538833944,115,39,-0.0284,1.8935,4.696,-1.0484,-0.11501717767263475,1.9076254180602008,5.091442605787406,-0.7247045707915271,0.03596598643098227,-1.8511489069522213,0.022178898823767668,246.0,0.03168871527879461,-1.9124561066220764,0.010657848413757165,226.0,0.1313449508861527,-1.1369213645205454,0.22143808589680702,334.0
0.1009,1.7389,4.1055,-0.9448,4.910211837220563,0.04199198936426193,0.014495907278324754,0.0070448986958202495,0.08025192908791542,-0.0007865847543768387,0.7807811243880827,-0.0384621060970487,0.15954955077938524,-0.018315663792089543,0.9586007186359835,-0.028642518620931662,0.10921876009420528,0.010144599508955163,0.2855891258026807,subgroup,croho=='B Industrial Engineering' ∧ double_major==False ∧ origin=='ORIGIN_N',32.8546538833944,115,39,-0.0284,1.8935,4.696,-1.0484,-0.11501717767263475,1.9076254180602008,5.091442605787406,-0.7247045707915271,0.03596598643098227,-1.8511489069522213,0.022178898823767668,246.0,0.03168871527879461,-1.9124561066220764,0.010657848413757165,226.0,0.1313449508861527,-1.1369213645205454,0.22143808589680702,334.0
-0.0655,1.4707,3.4507,-0.121,5.5790120834509445,0.07764378274349842,0.00023010054654090152,0.0145927224394315,0.02934411149329096,-0.0032304084555899257,0.4237403900012108,-0.0593669367460003,0.19604917829171098,-0.10214863874724778,0.8131199124070059,-0.058528455886667705,0.039973430577384686,-0.007537026270723821,0.6216408114382383,subgroup,course_repeater==np.False_ ∧ origin=='ORIGIN_E' ∧ sex=='SEX_V',31.77872338979834,112,42,-0.1177,1.5734,3.6199,0.2544,-0.011132536267906668,1.4553571428571432,3.2747395833333335,-0.18988095238095132,0.2999908875224551,-0.5285289948742936,0.04830306418352848,318.0,0.677421236666425,0.4639218575925727,0.534503978654584,458.0,0.8315339224678844,0.9716301712561383,0.8761426170760842,544.0
-0.0027,1.4046,3.3468,0.0428,2.5800630270439897,0.05116582048891456,0.06805877433856575,0.0030111515355778044,0.42354235816829167,0.0013282796689813529,0.8310466477523851,0.041768429501737,0.17167216560537277,0.15142670227472843,0.7223937046752427,-0.01260747175180156,0.6192367410695958,0.0020499491908365307,0.9112265709319876,subgroup,course_repeater==np.True_ ∧ sex=='SEX_M' ∧ type_vooropleiding=='VWO',31.580438663177063,89,36,-0.1564,1.5545,3.8599,-0.9528,-0.00665416054004675,1.4770599250936332,3.3600733282834656,-0.14903245942571733,0.27387111806257036,-0.6070403903409566,0.19385695064556785,277.0,0.4930401443357239,-0.017571742742255786,0.24452808148635086,288.0,0.8611786675787415,1.1027923224654492,0.8868126530724112,410.0
0.018,1.5798,4.2319,0.544,3.515934674893137,0.06313004803730635,0.028051056129223432,-0.006543750186810998,0.19770082713187995,-0.005500502646396711,0.17845638864540322,0.06554225998188232,0.14711869837741048,0.47965414084382074,0.4276435259552195,0.025786568016994197,0.28051285559060973,-0.02279525851172877,0.19947185782483295,subgroup,croho=='B Data Science (joint degree)' ∧ type_vooropleiding=='BUITENL_SL',30.87297091426911,78,34,0.0745,1.6261,3.9884,0.2078,-0.018736930250123462,1.7190045248868782,4.390341977027497,0.2841628959276026,0.6789603636240003,0.4691048367034497,0.5868248795159161,310.0,0.40639141451536204,-0.23874102616509832,0.3426571899326518,273.0,0.1931579580082487,-0.8779546890251875,0.05831359629519284,205.0
-0.0466,1.3264,2.6229,0.1759,5.955042172886847,0.033833796740948906,0.08875400704589177,0.004584195593657675,0.17360615388627934,-0.0015438700920341608,0.6268760532727686,-0.008234620046413899,0.82569524199519,0.4337332195639708,0.20177880594899641,-0.01813620091742097,0.2419539728389633,-0.015563976817541365,0.2718959243175099,subgroup,course_repeater==np.False_ ∧ croho=='B Mechanical Engineering' ∧ origin=='ORIGIN_E',30.79711363684658,139,59,-0.2172,1.4074,3.0503,0.6089,-0.00880478622057157,1.2849652481404708,2.5280862397023,0.1485428606267523,0.07957187660237804,-1.4262955843807519,0.15954422905352827,753.0,0.7269665181951961,0.6072320288362286,0.8292092267259512,1011.0,0.9359840862459606,1.543981932583725,0.9391087659462796,1090.0
0.1075,1.4405,3.0525,-0.0249,3.9952980698610445,0.04805108067044491,4.1035362478800225e-07,0.004271375979648216,0.06990443009089099,-0.0038595806373988833,0.044068211653777056,-0.008837273925088415,0.5626735509198652,-0.22299013690248076,0.27400680600133065,-0.012563609024949761,0.23248991091943505,-0.0053133019754960575,0.3787427806841672,subgroup,double_major==False ∧ origin=='ORIGIN_N' ∧ sex=='SEX_M',30.455830584609938,406,180,-0.047,1.5642,3.581,-0.7137,-0.0010030936285494452,1.483834154351396,3.4237824760502695,-0.05857416529830402,0.0038587186501552826,-2.694641683550261,0.006812553759989233,6418.0,0.04896984142258684,-1.6636123070379043,0.03278729987899636,6856.0,0.7700839256355136,0.740722689657456,0.6357503512289656,8388.0
0.108,1.4389,3.0509,-0.0288,3.9831733050586675,0.048072507697022974,3.671544244653866e-07,0.004308256751874063,0.0666793051304246,-0.0036145025364762787,0.056376376257177535,-0.008606018936962181,0.5713648629839623,-0.21551346757274376,0.2887273772712959,-0.01281319542072027,0.22192500518581404,-0.0053198377170591785,0.37685931367606296,subgroup,origin=='ORIGIN_N' ∧ sex=='SEX_M',29.666196892597217,409,180,-0.047,1.5642,3.581,-0.7137,-0.0009165001308677478,1.4838916055419722,3.423486295846842,-0.05598886172235758,0.003643376137432778,-2.714514571138384,0.006467235437271191,6405.0,0.048224440898531416,-1.6711022373792435,0.02881775330521953,6816.0,0.7701210151794753,0.7408453184101623,0.6346766922194542,8386.0
-0.0015,1.4669,3.2248,-0.0436,5.10980244161833,0.012764212179435077,0.46708161793566083,0.00205621242726303,0.5588340763254551,6.480592054416544e-05,0.9806888535092149,0.036871614117112234,0.27406121529849076,-1.210372596834607,0.0064872517579498724,-0.0026153036587321047,0.8769172546805346,-0.014437275090006065,0.33315687270389194,subgroup,origin=='ORIGIN_R' ∧ sex=='SEX_V' ∧ type_vooropleiding=='BUITENL_SL',29.004346533610587,83,49,-0.1005,1.535,3.5436,0.5928,-1.7010958093033324e-05,1.4351364642242441,3.2200547752850595,-0.007401032702236842,0.19834470926748837,-0.8551994572093095,0.1764612611583889,518.0,0.5047982880879696,0.012090627517469945,0.6460602291017015,650.0,0.7831157706155922,0.7893861538960883,0.8639151512552079,723.0
0.4266,1.0867,1.755,-0.3742,3.0959155742781683,0.022913162001721034,0.3149789030955126,5.421593443486134e-05,0.9839995533905114,-0.00849187835971142,0.09702921307157931,0.0721180274136907,0.04180924164031719,-0.05580172697837238,0.9078493068648317,0.001582122373215266,0.8817347518771677,-0.0036290245647573015,0.8239341549061843,subgroup,course_repeater==np.True_ ∧ sex=='SEX_M' ∧ type_vooropleiding=='BUITENL_SL',28.72009243893106,70,28,0.1173,1.3254,2.7018,-0.8058,-0.018042948287861016,1.3870408163265309,3.1159775510204093,-0.23500000000000063,0.009230708288090899,-2.507831947445532,0.02255915477871895,115.0,0.03632061255623309,-1.8680704084834983,0.11795861274003983,150.0,0.2535368564982444,-0.6723510866281197,0.5755479112267494,211.0
-0.0376,1.3035,2.8159,-0.1726,2.946561110503197,0.053478891030843516,0.013297078315697639,0.0032538605993561584,0.3479873093551048,-0.0001586612559606286,0.9735547547434981,0.03278470850077682,0.20242821073199396,0.31952052191702685,0.396550987706332,-0.017441272142062158,0.4086930116902988,0.007055769223506921,0.6641082564322449,subgroup,course_repeater==np.True_ ∧ origin=='ORIGIN_N',28.603297122556512,127,49,-0.3353,1.5902,3.6237,-1.1169,-0.03476877698557024,1.338341635866945,2.8080375062790934,-0.3071669612726974,0.08301802033026416,-1.4064361354057608,0.026544746641498307,418.0,0.5063822277161353,0.016082113651679067,0.3039948305829334,560.0,0.9873138057495086,2.3076810831684957,0.9952930272200717,870.0
-0.038,1.304,2.8168,-0.1738,2.9516005038043533,0.05337617562868642,0.014020955975422432,0.0032641617267101866,0.3488020393109542,-0.0001854504196120363,0.9692901756751322,0.03269192164082639,0.20602693102751268,0.3195101177320588,0.39855221861756973,-0.017492914283911188,0.4094837709600847,0.007137709628341561,0.6623663202156551,subgroup,course_repeater==np.True_ ∧ double_major==False ∧ origin=='ORIGIN_N',28.5795685900836,126,49,-0.3353,1.5902,3.6237,-1.1169,-0.03711154528543936,1.3397959183673467,2.8143950437317775,-0.31734693877550935,0.08307360726334766,-1.4060595208822095,0.026544746641498307,418.0,0.5019916996054626,0.005018540339313441,0.29370621172009415,557.0,0.9875557694405697,2.315777675788767,0.9954351922432458,871.0
-0.0626,1.3276,2.9087,-0.2127,2.9606961979805533,0.034657447165517136,0.13855605762662193,0.003399560300371521,0.3348411737213345,-0.0012086683573530738,0.8193569699633589,0.040670863419686884,0.13954687272664584,0.34711953857779776,0.37059260111607784,-0.015520990985878648,0.49384216396149827,0.007340773640941031,0.6711719417448503,subgroup,course_repeater==np.True_ ∧ origin=='ORIGIN_N' ∧ type_vooropleiding=='VWO',28.227979047207818,108,46,-0.3546,1.6011,3.7079,-1.1302,-0.06184145801743712,1.3607085346215784,2.9065551380688266,-0.41143317230273857,0.10752249086523177,-1.2575409736753038,0.02988270610312327,368.0,0.5015110489744221,0.003808746749774891,0.261355627991847,481.0,0.9894749660643212,2.3909224264387303,0.9970320983247518,788.0
0.116,1.382,2.8527,-0.1328,4.16142556587048,0.04033122802739433,1.4813564040879307e-06,0.002148186355211404,0.25940947177969975,-0.002062631114931344,0.1949212919420053,-0.006745287797824118,0.613570468866063,-0.12688311052030649,0.4809641477170701,-0.0035751577056538203,0.6824323183695553,-0.005135356306687843,0.32881488723427454,subgroup,double_major==False ∧ origin=='ORIGIN_N',27.634177755901693,515,221,-0.0985,1.5701,3.5452,-0.8172,-0.010094782156737203,1.4575978561701004,3.2597903890191415,-0.18049378377191208,2.900955539332208e-05,-4.100533398197713,2.5678834150681305e-05,8412.0,0.011300737199303322,-2.2962754274491792,0.004352989575609834,9769.0,0.9334251076044714,1.5073725830794427,0.9159229490765438,13577.0
0.0431,1.5069,3.5249,0.0355,5.980445599155543,0.040943917021550785,6.822264139169611e-05,0.0083460859092003,0.000950703380784259,-0.0019004850741479737,0.3361020146265007,-0.04117877386198923,0.045150947195708946,0.14800821670830566,0.4603630325982052,-0.026771351960645007,0.014473388095339998,-0.009052421714562435,0.19608694252718722,subgroup,course_repeater==np.False_ ∧ origin=='ORIGIN_E' ∧ type_vooropleiding=='BUITENL_SL',27.4362150029427,444,166,-0.082,1.6742,3.9857,0.6857,-0.0024322227050885825,1.5593129273852164,3.6926003844939044,0.09465429284706377,0.024330087866281862,-1.9862625657612802,0.0010389481419843518,5021.0,0.21805946304233703,-0.7806635816297111,0.0454570607086018,5882.0,0.865029891266554,1.1069187109801895,0.9766432295714148,8164.0
0.1161,1.3819,2.8524,-0.1342,4.150970350034016,0.04036938172249422,1.3453506606566776e-06,0.0021717820818532977,0.2529983446575288,-0.0019081924914845696,0.2266366068971061,-0.00647879780774625,0.6264837929546769,-0.12300879152831634,0.4933630973123323,-0.003768246486730631,0.6654705386930342,-0.005091464475248983,0.33184111511005276,subgroup,origin=='ORIGIN_N',27.238246929232975,518,221,-0.0985,1.5701,3.5452,-0.8172,-0.00986166960742274,1.4574555809849925,3.259038085313352,-0.17839759604465535,2.8116114695588598e-05,-4.108322608979833,2.4330068590430257e-05,8400.0,0.011390936362423465,-2.2931858219635277,0.004194499097350467,9757.0,0.933657604269309,1.5091909799587095,0.9183293790208494,13592.0
-0.0542,1.3103,2.8335,-0.1999,2.996519222701789,0.033353978504493675,0.15225876871462146,0.003313226587091191,0.3457328411181345,-0.0009549694162798235,0.8557699200537963,0.038581831603603754,0.1590867106090222,0.35524107464456,0.35810480718952664,-0.013987626538561712,0.5348491044770731,0.005273420505911047,0.755195461486954,subgroup,course_repeater==np.True_ ∧ type_vooropleiding=='VWO',27.13198352088801,110,47,-0.3508,1.5732,3.6307,-1.1123,-0.05688491012169106,1.3356286266924566,2.840795639177071,-0.39102514506769825,0.09806468222956947,-1.311703241802183,0.03144945717607328,388.0,0.4946793092412607,-0.013410079794288123,0.27663759082227557,507.0,0.9894421207467871,2.3877475741698224,0.9973604274749377,823.0
-0.055,1.3112,2.8357,-0.2031,3.010171874250376,0.03306184447016578,0.1587801349298646,0.00333341134119364,0.3453545321895525,-0.0010225276013568051,0.8467833021987717,0.038319644446704965,0.16448502983459326,0.35557161128468545,0.35996283350198144,-0.01407525184252025,0.5343460762473338,0.005446520292850863,0.7489671962676825,subgroup,course_repeater==np.True_ ∧ double_major==False ∧ type_vooropleiding=='VWO',27.094004322724047,109,47,-0.3508,1.5732,3.6307,-1.1123,-0.060553032649778515,1.3380050751512782,2.850655167288375,-0.40343548701932347,0.09805469201546288,-1.3117629197225777,0.03144945717607328,388.0,0.48902166574348116,-0.027672163974857562,0.2696424034215781,505.0,0.9895503490159996,2.392016170201747,0.9972665455447753,822.0
0.0281,1.5521,3.6322,0.0159,6.121551052884236,0.03630174608547926,0.00020486174365395125,0.009097016555042628,0.00021879143047114422,-0.0022971926815497992,0.2413155957694365,-0.04005215670225419,0.04634614563849868,0.08754682768602673,0.6587360992600078,-0.031798645201001716,0.002811816084460057,-0.004810153682746513,0.48470553465100963,subgroup,course_repeater==np.False_ ∧ origin=='ORIGIN_E',27.019388689695262,465,175,-0.0736,1.6844,4.0124,0.5939,-0.0007871063262923084,1.5721056835637477,3.74018046149018,0.05423655913978419,0.0436054288183228,-1.7199975851963092,0.0020935099807951434,5778.0,0.2919101675423056,-0.5488378103283599,0.07398233737248347,6729.0,0.8548195464578509,1.0605575906988094,0.9766552586717995,9035.0
0.0281,1.5521,3.6322,0.0159,6.121551052884236,0.03630174608547926,0.00020486174365395125,0.009097016555042628,0.00021879143047114422,-0.0022971926815497992,0.2413155957694365,-0.04005215670225419,0.04634614563849868,0.08754682768602673,0.6587360992600078,-0.031798645201001716,0.002811816084460057,-0.004810153682746513,0.48470553465100963,subgroup,course_repeater==np.False_ ∧ double_major==False ∧ origin=='ORIGIN_E',27.019388689695262,465,175,-0.0736,1.6844,4.0124,0.5939,-0.0007871063262923084,1.5721056835637477,3.74018046149018,0.05423655913978419,0.0436054288183228,-1.7199975851963092,0.0020935099807951434,5778.0,0.2919101675423056,-0.5488378103283599,0.07398233737248347,6729.0,0.8548195464578509,1.0605575906988094,0.9766552586717995,9035.0
0.0787,1.3552,2.8103,-0.2511,3.8343442232739102,0.044273663054853814,5.122173085401456e-06,0.0015148802049240184,0.4606985607496541,-0.001366987815096298,0.45063192338646774,0.0015015092608257653,0.9214542979129611,-0.04379567213029506,0.8241849563321688,-0.001354027423982971,0.8861154237218607,-0.006165043273166122,0.2985676516459318,subgroup,origin=='ORIGIN_N' ∧ type_vooropleiding=='VWO',26.517478427187598,421,185,-0.1922,1.5806,3.6364,-0.9193,-0.031018000219612762,1.4190794119535213,3.1448154723519677,-0.30758939462027374,1.5200373160605635e-05,-4.277002808269754,6.357033469871356e-06,5419.0,0.06451389722604943,-1.524792580849088,0.02589124513219781,7184.0,0.9938472524461648,2.528206812284934,0.9912366944472887,10335.0
0.0789,1.3551,2.8096,-0.2514,3.8387220218862987,0.044144215351550616,5.902561588992109e-06,0.0015217777582709445,0.45977135983622763,-0.001375550588581556,0.44893656843990115,0.001391360127031796,0.9274850077590205,-0.04317526038973046,0.8270336093963253,-0.0013583078681224207,0.8860195401580537,-0.006152703937931408,0.3006907783684391,subgroup,double_major==False ∧ origin=='ORIGIN_N' ∧ type_vooropleiding=='VWO',26.49307038372805,419,185,-0.1922,1.5806,3.6364,-0.9193,-0.032102168078649074,1.419741985422176,3.14812240574886,-0.3129187899116295,1.466013654138704e-05,-4.2858600979879835,6.160618612320353e-06,5414.0,0.0622973243079702,-1.5428113059635484,0.024441095134631104,7166.0,0.9937050129961971,2.519887659992556,0.9904942506393782,10313.0
0.0716,1.4323,3.087,-0.1476,3.541789100633351,0.05518844794471063,4.305469136907595e-07,0.003181881684557032,0.21515163098278747,-0.0018033920149560425,0.4232254553863858,0.003956608885998731,0.8236275324350039,-0.1494881371853184,0.5009842651692746,-0.00940248462305526,0.41009194597009424,-0.007237093493165833,0.29840146536572765,subgroup,origin=='ORIGIN_N' ∧ sex=='SEX_M' ∧ type_vooropleiding=='VWO',26.207488373065488,335,151,-0.1083,1.5761,3.6853,-0.8007,-0.00924285904350386,1.4524957991499456,3.3557331702660953,-0.17530690916279545,0.005259112700629153,-2.5908653669732002,0.005319642436606061,4363.0,0.1745166174492303,-0.9394047391612789,0.12394587506747906,5116.0,0.9304858927187415,1.487324505524832,0.8820324685445422,6376.0
0.0043,1.4731,3.3683,-0.0148,4.950266156453497,0.016099645426970993,0.34554603228209013,0.002421237981498612,0.4787910829733737,5.943449159331247e-05,0.9814062111034922,0.03772773201399009,0.23283732307951596,-1.1538830407482645,0.005891297944654634,-0.004859892425839729,0.7617426061001178,-0.013073638552332761,0.34030604296611,subgroup,origin=='ORIGIN_R' ∧ sex=='SEX_V',25.717405927455307,92,54,-0.099,1.5729,3.7178,0.5722,-2.6684131830823077e-05,1.4685185185185186,3.3828234614576767,0.009500805152979908,0.14524976137963838,-1.0676901517661472,0.08349506412280017,582.0,0.48427675328602443,-0.03960921997482752,0.49484767323635886,741.0,0.8124342271678977,0.8944380583916547,0.8834703513703798,881.0
0.0043,1.4731,3.3683,-0.0148,4.950266156453497,0.016099645426970993,0.34554603228209013,0.002421237981498612,0.4787910829733737,5.943449159331247e-05,0.9814062111034922,0.03772773201399009,0.23283732307951596,-1.1538830407482645,0.005891297944654634,-0.004859892425839729,0.7617426061001178,-0.013073638552332761,0.34030604296611,subgroup,double_major==False ∧ origin=='ORIGIN_R' ∧ sex=='SEX_V',25.717405927455307,92,54,-0.099,1.5729,3.7178,0.5722,-2.6684131830823077e-05,1.4685185185185186,3.3828234614576767,0.009500805152979908,0.14524976137963838,-1.0676901517661472,0.08349506412280017,582.0,0.48427675328602443,-0.03960921997482752,0.49484767323635886,741.0,0.8124342271678977,0.8944380583916547,0.8834703513703798,881.0
0.0707,1.4446,3.0394,-0.0203,4.733672557629775,0.04096965054161247,0.00015602830714660175,0.005391314585039367,0.06390703190704544,-0.003793926216304369,0.0700253736617409,-0.0321105289746105,0.08478127901119907,-0.25862821376236766,0.2701789039901604,-0.014016375469057322,0.2688164930444307,-0.006727541289921471,0.3178712559918326,subgroup,course_repeater==np.False_ ∧ origin=='ORIGIN_N' ∧ sex=='SEX_M',25.39724831429086,309,143,-0.0704,1.5594,3.5008,-0.651,-0.0023357285935086125,1.4531219589472015,3.278301023972624,-0.08740353497635074,0.010188109280388023,-2.3456788481432285,0.013460009198384687,4050.0,0.13364555443684503,-1.1136962474180108,0.18224722364394935,4698.0,0.8344863436922281,0.9753864265797463,0.747622550400022,5479.0
0.0241,1.3948,2.9171,-0.2188,4.240358649057901,0.044344437149032995,9.970999406499626e-05,0.0017120750524096027,0.4954252694895819,-0.0012747304783897895,0.5246102694826014,-0.014812531350975995,0.4322524645345013,-0.143257659327711,0.5330003704932129,0.000668637953974819,0.9521405484389115,-0.009621326331225637,0.1455676907837708,subgroup,course_repeater==np.False_ ∧ origin=='ORIGIN_N' ∧ type_vooropleiding=='VWO',25.220993939690402,313,139,-0.2086,1.5738,3.6127,-0.8495,-0.02629873144593664,1.3973981198427838,3.0678964561613267,-0.28038246718918775,0.0009395835731621045,-3.1698258874601004,0.00024716404143422825,3208.0,0.27065956806729574,-0.6123420583599479,0.23930619120838464,4528.0,0.992410611097998,2.458780253499394,0.9914421669869542,5999.0
0.2301,1.5694,3.7776,0.2731,2.728772964223415,0.06633672299472376,0.014725553038374686,-0.005657849797531548,0.24592441458133624,-0.00038227452773823304,0.9250453859707481,0.09060762481048737,0.012223242314078358,0.14399419298056568,0.7934629596903577,0.012780076587739594,0.5744113696562413,-0.010747211913148225,0.5167155753204189,subgroup,croho=='B Data Science (joint degree)' ∧ double_major==False ∧ sex=='SEX_M',25.05267926251591,90,40,0.0982,1.7406,4.4247,-0.263,-0.005145249054813172,1.81,4.931845679012346,0.15888888888888902,0.13428308702539063,-1.1223736274323024,0.16344723764541413,336.0,0.05189590795014955,-1.6656763515774473,0.08934820786180353,309.0,0.1827804493906619,-0.915489463704499,0.010377284787864482,239.0
0.1114,1.67,4.228,0.4632,2.831389106455002,0.07084938259508526,0.002635279333094792,-0.0032890051320962864,0.3758389170362677,-0.0035964161833002394,0.2662612227211655,0.0722076365078366,0.01867571687939567,0.03437160084335633,0.938796874579309,0.008324782821091177,0.6568932895952295,-0.018313874014996782,0.19939758964099696,subgroup,croho=='B Data Science (joint degree)' ∧ double_major==False,24.721094862504234,124,52,0.0943,1.7131,4.3095,-0.1264,-0.01832529697154106,1.8285980148883376,4.845285159689427,0.29528535980148923,0.43632960207750876,-0.1610896861939002,0.6076531429893501,719.0,0.15810294071508202,-1.0122312706842445,0.19347628742505413,594.0,0.11453990259473386,-1.217334674869628,0.0023777590067928928,379.0
0.0765,1.3634,2.8191,-0.2581,3.8325750423283953,0.04398149320717357,5.106121533879542e-06,0.001580989408211172,0.43718649982150815,-0.0011979660509505775,0.5069489158756989,0.0006494671209432597,0.9655251991095828,-0.07018463708586731,0.7189731691287096,-0.0006955348966247617,0.9405729567368918,-0.007780292786367639,0.18006449504290648,subgroup,type_vooropleiding=='VWO',24.66481814393428,431,189,-0.1825,1.5721,3.6095,-0.9081,-0.03510652598147823,1.423096281564959,3.1596669447448673,-0.32735732086080055,1.5216977359979654e-05,-4.274419047764769,7.1985962788944704e-06,5711.0,0.05978764208966405,-1.5636764661661209,0.028481059588452786,7544.0,0.9911271355834346,2.391932491831875,0.9808789198707807,10538.0
0.0766,1.3634,2.8185,-0.2585,3.8370059445736695,0.04385261453366425,5.873618135211972e-06,0.0015878830503273005,0.43630324303993295,-0.0012064013676474751,0.505001280263343,0.0005368243172347471,0.9716136637846744,-0.06956984200710836,0.7219388527340145,-0.0006992423473245954,0.9403910017710226,-0.007769014162250756,0.18170803652216552,subgroup,double_major==False ∧ type_vooropleiding=='VWO',24.638125170064455,429,189,-0.1825,1.5721,3.6095,-0.9081,-0.03625548444599702,1.4237429237429238,3.1631741452021176,-0.3326710326710327,1.4666474792282059e-05,-4.283424175859342,7.026662759554792e-06,5707.0,0.057636342706018376,-1.5822529360811186,0.026875846615723627,7525.0,0.9908718355028353,2.381177292155169,0.9798019087919309,10521.0
0.2428,1.2964,2.6899,0.0305,2.873397637618644,0.032868028494260126,0.023329262085598535,-0.0003733260744565158,0.8445472592081156,-0.0038598165466769475,0.24648371749336773,0.05905588425579765,0.002982875154737277,-0.027571624070146294,0.9271626050038377,0.0037082202443348574,0.6513706654563229,-0.004491216858146581,0.6670100043022313,subgroup,course_repeater==np.True_ ∧ sex=='SEX_M',24.481648470291223,172,69,0.0405,1.479,3.4085,-0.7474,-2.108076929663305e-05,1.492964273677115,3.5522908044693176,-0.00865352207617151,0.04033851947277727,-1.77317928942716,0.04676200725799398,927.0,0.02182005349828849,-2.055836397305915,0.02275242401395404,873.0,0.3549987498504403,-0.3734200322824405,0.7513076271204857,1321.0
0.2424,1.2967,2.6912,0.0287,2.881934449549022,0.03268124793509056,0.024889162308103292,-0.00036193268111203627,0.8497527807398276,-0.003888974085069348,0.2448800285223789,0.05883585221791513,0.003233464853580538,-0.027755536145774307,0.9268949434920593,0.0036866106509107835,0.6542602622379523,-0.004414727561447271,0.6735032169504611,subgroup,course_repeater==np.True_ ∧ double_major==False ∧ sex=='SEX_M',24.460458724034066,171,69,0.0405,1.479,3.4085,-0.7474,-7.90357501985195e-05,1.4928468514280873,3.5524966730751797,-0.016755657259089757,0.04026121413818708,-1.7741050306002983,0.046180442211471696,926.0,0.02178839556059503,-2.056474525412972,0.023738461394186835,876.0,0.3537117990490799,-0.37689722087333255,0.7606841895264198,1326.0
0.2285,1.5725,3.7855,0.2495,2.7315257667193245,0.0657259174750139,0.014206894611465851,-0.005406567914128905,0.25625732410996116,-8.838333692244398e-05,0.9819650034595585,0.0901119056873833,0.011639145738186434,0.1436146490210688,0.791752339960254,0.011854709589899738,0.5958213055522485,-0.011039444158388634,0.499809263304949,subgroup,croho=='B Data Science (joint degree)' ∧ sex=='SEX_M',24.100425796658104,92,40,0.0982,1.7406,4.4247,-0.263,-0.004612282195109785,1.81,4.929230623818526,0.15043478260869603,0.13308125440751103,-1.1281178783987795,0.15053075633932167,332.0,0.0546408832135998,-1.6388803052745156,0.10079669744754938,314.0,0.18296059337202947,-0.914794376351259,0.00926338828594453,236.0
0.0696,1.439,3.1001,-0.171,3.542386350893181,0.054503156636655406,5.559399604045205e-07,0.0034070032956811745,0.18172458786998552,-0.0015784211728906193,0.48380223988159443,0.002510738583758894,0.8864228716822579,-0.16943472623579448,0.44348928191726855,-0.009206009387458206,0.41679781057323917,-0.009001248919552568,0.18943943130377952,subgroup,double_major==False ∧ sex=='SEX_M' ∧ type_vooropleiding=='VWO',24.088493633397537,340,154,-0.1022,1.572,3.6726,-0.7991,-0.013812265741290908,1.4570511841100076,3.3780758189906974,-0.21453017570664543,0.005341019485864433,-2.5846570194784975,0.005646392412386959,4563.0,0.16716655742976277,-0.9684800895820413,0.1250814675676296,5330.0,0.9151275148330824,1.3795278926244845,0.8247169590652847,6485.0
0.0694,1.4392,3.1009,-0.1711,3.5406131895469652,0.054609662375509155,4.705439430893438e-07,0.0034015599383184114,0.18105465518322003,-0.0015703907525894925,0.48456829301316695,0.0025628031096276514,0.8835307537121864,-0.17024647752406075,0.4399758943965536,-0.00920316118323123,0.4155724224664724,-0.00901075713889736,0.18760421499139823,subgroup,sex=='SEX_M' ∧ type_vooropleiding=='VWO',24.08691386733934,342,154,-0.1022,1.572,3.6726,-0.7991,-0.01296157477600679,1.4567897015265436,3.375241271928714,-0.20781878939773693,0.005419661403777021,-2.579387815808313,0.0057341768078497425,4566.0,0.17002162328041087,-0.9570670560954253,0.1284562028948344,5339.0,0.9163030174248439,1.3872139197753102,0.8293323850570671,6495.0
0.0552,1.5436,3.6509,-0.0582,5.9817739115222714,0.03350897856425545,3.5851158970391064e-06,0.008874753699544125,6.043292668822115e-06,-0.001368593282752432,0.2489659685959273,-0.0443016567967088,0.0032740841506207164,-0.15177255733623468,0.32030572670163643,-0.024797197517087043,0.0026907623722723603,-0.015120251808319217,0.00299146639994416,subgroup,course_repeater==np.False_ ∧ type_vooropleiding=='BUITENL_SL',24.024001256735545,725,306,0.0292,1.6164,3.7512,0.5252,-1.9893721851405033e-05,1.5983425738111334,3.864182236895075,-0.008767635789949078,0.2808853192187113,-0.5808497891667979,0.0033991577159522483,19293.0,0.10279410131936485,-1.2684959861634613,0.003028732657238978,19234.0,0.2691997514940412,-0.615930896394613,0.7040720488073797,24316.0
0.0767,1.4177,2.9463,-0.0937,4.770513803076518,0.035627525298589445,0.000200078772631538,0.0024667943235888155,0.27363309968316335,-0.002059135575168706,0.2361056357239059,-0.02414311891650755,0.13240168503553293,-0.22098662072839725,0.28568417011944114,-0.0021989549158795713,0.8275111457941993,-0.007254457374421829,0.20979531076980518,subgroup,course_repeater==np.False_ ∧ double_major==False ∧ origin=='ORIGIN_N',23.801944017603873,389,172,-0.104,1.5644,3.5228,-0.7318,-0.008399130148107892,1.4455401446762721,3.2178935200589294,-0.16371435403838147,0.0010394284408246364,-3.1265631693717673,0.0008001130549807199,5375.0,0.06878347042936338,-1.4919037023057677,0.10004312534480664,6601.0,0.926728732369677,1.4584801527409044,0.8890846649845061,8238.0
0.1133,1.6689,4.2191,0.4431,2.826426571026811,0.07001712475049006,0.00269255996912043,-0.003081562827873574,0.401299637008509,-0.003300664055305156,0.2972525813860539,0.07211906022478673,0.017895830432474665,0.02791050639285053,0.9499254602114686,0.007589242663091412,0.6828078540069114,-0.018506840770229134,0.191511552426712,subgroup,croho=='B Data Science (joint degree)',23.645920021606354,126,52,0.0943,1.7131,4.3095,-0.1264,-0.017614182643665766,1.827930402930403,4.8419016124968515,0.28949938949939075,0.42827476276719023,-0.18168577600856614,0.5971150499829333,716.0,0.15754249767168269,-1.0146019720705717,0.19347628742505413,594.0,0.11520804763482166,-1.213798056690842,0.0023777590067928928,379.0
0.1105,1.5936,3.6728,-0.073,4.841318970177844,0.03241992024906818,1.0202420200813874e-09,0.0018755266521631344,0.0864993174330564,0.0004958318089843504,0.5982823223122811,0.0014235282095767608,0.880559666084001,-0.22349792760116477,0.060889490388833144,-0.0019648913296290327,0.6866818092664557,-0.01232727335603269,0.0005582022777725765,global,N/A,,1358,582,,,,,-0.0016277135060671633,1.6823755370997373,4.1359878044107425,-0.08198330878743254,,,,,,,,,,,,
