r2,mae,mse,mean_residual,intercept,coef__STUDY HOURS,pval__STUDY HOURS,coef__READING NON-SCIENTIFIC,pval__READING NON-SCIENTIFIC,coef__READING SCIENTIFIC,pval__READING SCIENTIFIC,coef__SEMINAR ATTENDANCE,pval__SEMINAR ATTENDANCE,coef__IMPACT PROJECTS,pval__IMPACT PROJECTS,coef__CLASS ATTENDANCE,pval__CLASS ATTENDANCE,coef__MIDTERM PREP1,pval__MIDTERM PREP1,coef__MIDTERM PREP2,pval__MIDTERM PREP2,coef__NOTE TAKING,pval__NOTE TAKING,coef__LISTENING,pval__LISTENING,coef__DISCUSSION,pval__DISCUSSION,coef__EXPECTED GPA,pval__EXPECTED GPA,coef__FLIPPED CLASSROOM,pval__FLIPPED CLASSROOM,coef__PREVIOUS GPA,pval__PREVIOUS GPA,model_type,description,cookD,n_train,n_test,baseline_r2,baseline_mae,baseline_mse,baseline_mean_residual,ttest_p,ttest_stat,wilcoxon_p,wilcoxon_stat,ttest_p_mean,ttest_stat_mean,wilcoxon_p_mean,wilcoxon_stat_mean,ttest_p_mean_global,ttest_stat_mean_global,wilcoxon_p_mean_global,wilcoxon_stat_mean_global
-186.0165,24.4306,1013.9077,-14.133,44.834314775160486,-8.338329764453947,0.4039196557191631,-13.177730192719473,0.5529589083343903,5.879014989293347,0.4894009820567151,-11.562098501070668,0.5958924469629872,-4.110813704496785,0.4064830223423864,44.83431477516068,0.5057940369710776,-3.5192719486081323,0.48172650647838955,19.52676659528902,0.5443230885027315,-15.9379014989293,0.49242210259775987,-2.43147751605997,0.5519911830363841,1.0546038543897618,0.8981412586625203,6.78479657387577,0.6058368970805048,-5.201284796573869,0.5303029785484275,-5.159528907922905,0.6045610327099757,subgroup,OCCUPATIONFATHER=='4' ∧ SALARY=='1',1195.9562534361853,16,11,-0.0616,1.951,5.7553,-0.9294,0.969524030239765,2.11087941537615,0.99951171875,65.0,0.9695623395688849,2.1116271171741303,0.99951171875,65.0,0.4613565078790743,-0.09949313772460917,0.259765625,25.0
-200.6355,25.237,845.9728,2.3094,-72.23417883678916,9.430181911349969,0.33714040104191556,-3.1960030745580736,0.4738729737259576,13.276454009735748,0.2955805059561585,4.657186779400202,0.40535131300026955,2.7453241096591663,0.44021002591234276,18.982833717652493,0.31770760881637,-15.024596464257835,0.3389642846255575,-17.12298232129077,0.33594960969522003,5.306430950550716,0.34943139013522645,3.7327696643606005,0.29430923625944216,-11.620035869843504,0.30231992318331197,11.729951319497438,0.309069295987183,4.6172175249806715,0.26191491133521966,2.2590315142197537,0.2942867578951247,subgroup,HOBBIES=='1' ∧ SEX=='1',693.3813444462974,16,15,0.4021,1.2786,2.5084,-0.6012,0.9977511552786058,3.3789095904547564,1.0,120.0,0.9977062889280928,3.3689800560140992,1.0,120.0,0.018762194195758954,-2.2975468697771797,0.009033203125,19.0
-15.9954,8.75,95.7291,0.5569,-14.85407352210646,1.916542473919533,0.13936437150021103,8.841281669150607,0.21123877026447907,7.732240437158546,0.1787521718255694,20.26229508196743,0.2320865664960166,-7.310606060606151,0.21467927571942236,-2.7141082960755414,0.37797573670508666,-11.501490312965839,0.23220731081387336,-4.406110283159501,0.19918661247678102,-10.615499254843614,0.20487031640481362,5.617983109786445,0.2170445905165187,3.1885245901639667,0.2018016423876306,-13.176602086438294,0.22043462353498716,2.6626924987581004,0.2607623068858429,7.951068057625508,0.20217061461915653,subgroup,SALARY=='1' ∧ WORK=='1',302.0082276556703,16,14,0.3497,1.5792,3.6628,0.3235,0.9996287393324222,4.381519852230482,0.99993896484375,104.0,0.9994747674071932,4.194400782435575,0.9998779296875,103.0,0.11422297466563554,-1.2639394956415353,0.0101318359375,16.0
-29.6452,9.6991,146.3498,5.4942,-68.77490923759648,0.6323114158935188,0.8148619280127853,9.346208148447023,0.2801271339807748,-6.2144513916902735,0.5106599238396528,4.735528438886663,0.23209066915787713,2.9723678902784094,0.7658684729989633,2.434449374747917,0.5541632583105714,-6.584963695038373,0.3223666328486355,1.0654497781363035,0.8295122299813144,12.661052843888807,0.4063172189215013,9.266034691407922,0.39639187055812664,4.993394513916955,0.40775583674500365,4.473981444130744,0.4161593832519749,-1.5398346107301377,0.4352856281815148,-4.870865268253379,0.43172814605090076,subgroup,ACCOMODATION=='2' ∧ WORK=='2',227.96217671179394,16,19,-0.5833,2.1254,7.5614,1.1164,0.9981610149324178,3.335879013482248,0.9999179840087891,179.0,0.9984144414099017,3.4028941864279387,0.9999732971191406,183.0,0.8481346442953919,1.0587157443675992,0.6887187957763672,107.0
-11.931,6.162,71.1428,0.5125,-28.327849129244985,-2.25136102505489,0.10403861133062967,9.187595873311926,0.03088349092126796,-2.851430204228965,0.18753412139533313,1.2925226336211004,0.30774050144005216,9.475742172226122,0.054739262725735205,-4.599663127500239,0.07230745016436066,-0.19761181459981048,0.8667661343203035,7.069630342587272,0.057905688343164397,1.4594549884200236,0.2527318243462225,6.2372244112251165,0.04874735369218465,-1.5104821487652902,0.41563090076260945,1.8641381177249172,0.25330732715101695,1.0474027731825415,0.25544496322126037,-2.86114536649925,0.07547016518402533,subgroup,SIBLINGS=='2' ∧ WORK=='2',144.25462637874864,17,17,-0.097,1.8898,6.0355,1.2512,0.9701991912205202,2.0275317870491536,0.9935684204101562,127.0,0.9683228002347175,1.995079514492572,0.9776153564453125,118.0,0.3465362718770677,-0.4019036566424483,0.35594940185546875,68.0
-27.3222,8.8793,110.9767,5.907,-5.902976975784121,4.902764182661621,0.15595187981672276,1.8165297697578437,0.18913501370678548,-4.103906881729587,0.22120800796615525,-3.778907945695213,0.5248494012207215,2.9504192024513776,0.2034791792112593,-5.902976975784146,0.1608408901712686,3.248850917138359,0.17032715918409003,-1.8542686300378826,0.5469739453959619,0.38800697961441943,0.8363566177448268,-3.9891156317827914,0.2603669408113102,9.369440779674012,0.14935081310749262,1.155370898412562,0.46434762426405596,-2.351576797037924,0.25478502241332834,-2.391305273013572,0.1491778459435953,subgroup,EDUCATIONFATHER=='3' ∧ OCCUPATIONMOTHER=='2' ∧ PARENTALSTATUS=='1',131.69946936793778,16,14,-1.0726,2.1939,8.1213,1.3414,0.988812746087252,2.59124477312685,0.99969482421875,101.0,0.991571134648999,2.7399713707289406,1.0,105.0,0.8553946997387473,1.1049544620761542,0.72918701171875,62.0
-7.4062,5.4682,41.9811,-3.9119,9.77772819989803,0.699069352371241,0.5023360792321119,7.514119071902089,0.16078902534117043,-4.1425611932687385,0.2704303516899311,-2.990502294747583,0.26020514610825685,-10.701459714431419,0.18763714547959617,-2.6916432942376325,0.22758054814835244,10.893421723610407,0.2047830045369487,-6.819957929627748,0.1816049546188141,4.385645079041308,0.2713562788411854,1.5763322284548735,0.43323403089732515,1.7733618052014313,0.23154739553073309,-5.830826109127998,0.16347728578738377,-1.5361104028556898,0.1390612519712388,0.6975713921468687,0.378414301179109,subgroup,OCCUPATIONFATHER=='1' ∧ OCCUPATIONMOTHER=='2',124.13532244251897,16,13,-0.26,2.0822,6.2926,1.5244,0.995502600938638,3.111556417047413,0.9996337890625,88.0,0.9939663539062634,2.953420112733304,0.9991455078125,86.0,0.5000799250074334,0.00020455497100879712,0.3934326171875,41.0
-55.1785,10.1788,163.9496,-3.407,12.181629166888616,-2.378993783432138,0.012709674017481243,0.9666744025018165,0.36364375464584575,-6.111668048971609,0.00885824488997876,-11.627160010043843,0.013863660882889662,0.9198237751382813,0.27143078274918647,12.181629166888593,0.012857177708615343,-1.2869189563470589,0.14928855804512087,7.3568876832822605,0.00986674490457918,-2.305445013429953,0.09034729712231901,-3.8033201950952074,0.03248932279186139,1.1049892332392002,0.34294518374316957,-2.1681535956415146,0.15793241526628096,1.4868135714448811,0.03397631108889142,3.7945717264101204,0.011165043508356336,subgroup,EDUCATIONFATHER=='3' ∧ WORK=='2',119.31653124947266,18,14,-1.5681,2.0353,7.4947,1.1896,0.990953133573211,2.7028970744602714,0.99993896484375,104.0,0.9924610873284556,2.7983305444728357,0.99957275390625,100.0,0.9043250469748866,1.3783675043087862,0.83709716796875,68.0
-32.863,9.7705,115.4634,-0.9378,-17.677927756205012,-0.1371160226939007,0.9460566716673076,4.146184909777481,0.43630849367431296,5.326424783234138,0.455242554275633,10.809177565109048,0.3978596309506024,0.10445262539866729,0.9678584232142549,-0.3982509727031542,0.8946620301981829,-4.611683119957244,0.33767224921908173,-0.9744881431422785,0.7616274379047936,-3.00476743560496,0.4862829361201031,4.612856788448215,0.5183594632106099,-5.886610658264477,0.5576312084424222,-1.5993509893841449,0.5306322197826,-1.455882643213668,0.5798110642344452,4.6786807230804,0.43300100757887156,subgroup,AGE=='2' ∧ EDUCATIONMOTHER=='1',74.48999790234318,16,12,-0.4896,1.7159,5.079,0.2843,0.9991180434057516,4.098488712614232,1.0,78.0,0.9990694259413749,4.066921463197379,1.0,78.0,0.7359462319997259,0.6514884691356485,0.6044921875,42.0
-34.0751,10.1846,153.9986,8.3929,-6.662043626849618,-2.5347350195458116,0.15316262715593074,3.449994738107547,0.14831675389509935,3.648544760268946,0.20825402905350757,-6.662043626849631,0.1635061000118648,-6.662043626849634,0.1635061000118648,2.4971174815430466,0.4475130205245806,-5.451330951526829,0.118032021391001,3.1819593136648585,0.1916199610531768,1.051372969850504,0.3786807265323134,4.161058462313708,0.10831278893217611,0.8970704701827432,0.5240641859167986,2.9168037191209444,0.14929892139219236,-3.8159697283711225,0.07401272594880323,-0.1292823930933222,0.8946525972217787,subgroup,OCCUPATIONMOTHER=='2' ∧ PARTNER=='1' ∧ SCHOLARSHIP=='3',71.06381651054768,17,13,-0.4661,2.0509,6.4371,0.3869,0.991347339144417,2.7591835572162187,0.9996337890625,88.0,0.9915433726394394,2.7715496511335087,0.9993896484375,87.0,0.7396945245971838,0.6617915199595513,0.7060546875,53.0
-7.9768,5.6629,55.6513,0.2921,-28.141889658803784,0.261540788375481,0.8803893881518781,7.649118581215431,0.10931182833962363,-5.567849920736713,0.16423732956823311,1.4742800486222587,0.5124004105387716,5.73695797086023,0.22403870871410578,5.803068580935357,0.22579217499172946,4.552535024283124,0.20536433074732993,-0.42372520572041505,0.9394755074861054,1.5054980142169774,0.5412456454782908,2.5075482161562546,0.19530236687999367,0.08566595152335754,0.9709100882059793,1.7258723161120115,0.3449675193848486,-1.0553834605840156,0.5752172886797241,-2.010178188316088,0.2205499035057177,subgroup,AGE=='1' ∧ PARTNER=='2',69.575548606743,17,19,-0.4034,2.5638,8.7,0.8576,0.9732700111808821,2.0666678111953463,0.9929656982421875,154.0,0.9777942282155395,2.1610940261246827,0.9973354339599609,161.0,0.721331910551956,0.5979290456503326,0.41439247131347656,89.0
-9.0799,5.6659,56.995,-0.0033,-28.141889658803784,0.261540788375481,0.8803893881518781,7.649118581215431,0.10931182833962363,-5.567849920736713,0.16423732956823311,1.4742800486222587,0.5124004105387716,5.73695797086023,0.22403870871410578,5.803068580935357,0.22579217499172946,4.552535024283124,0.20536433074732993,-0.42372520572041505,0.9394755074861054,1.5054980142169774,0.5412456454782908,2.5075482161562546,0.19530236687999367,0.08566595152335754,0.9709100882059793,1.7258723161120115,0.3449675193848486,-1.0553834605840156,0.5752172886797241,-2.010178188316088,0.2205499035057177,subgroup,AGE=='1' ∧ PARENTALSTATUS=='1' ∧ PARTNER=='2',69.575548606743,17,18,-0.459,2.4784,8.2498,1.133,0.9711754817801602,2.035925873408238,0.989593505859375,137.0,0.9748920430611079,2.107592702579026,0.9947967529296875,142.0,0.6606174792419546,0.42136934528959136,0.2754364013671875,71.0
-12.5012,6.7631,66.6061,1.2544,-8.39124566430403,0.3670637912833641,0.9266507960561415,4.088191826270553,0.6046047232598515,0.865419996983864,0.8221587131824188,2.9444427688131602,0.7266967416210717,0.24836374604132394,0.9458752905252339,-8.391245664304048,0.7038099708290929,-0.2032875885990033,0.9349492477332019,-6.445392851756894,0.6969663881517583,2.575056552556174,0.7378077292021725,-2.0541396471120486,0.5321468695333196,6.124083848589951,0.4461884760255731,-6.06873774694616,0.5660610386901195,1.0614085356658094,0.7195422544369512,3.6711204946463587,0.5323168457590157,subgroup,OCCUPATIONFATHER=='4' ∧ OCCUPATIONMOTHER=='2',63.9363715481186,16,15,-0.4002,2.1374,6.9077,0.1189,0.995623186092129,3.0439865913939856,0.99993896484375,118.0,0.9947413055553246,2.951367300815844,0.99969482421875,114.0,0.8008397594534804,0.8712342923886519,0.772857666015625,73.0
-7.0939,4.9399,45.6497,0.6175,0.5676480348550061,3.6619404702645717,0.03616716544758795,-4.487975764193305,0.05047524130158078,1.1320177058411147,0.3268486469007912,-3.559821442908289,0.09707669309326757,0.5676480348550177,0.7698994493017731,6.942102755966617,0.052393552317052915,2.3493023106443762,0.10860765122561278,-0.8517965434001957,0.5723493645985542,-0.24105207379931293,0.692860682640819,-1.7281875063560075,0.1472033873003426,-2.4526390160091163,0.09458878772003539,0.5764139784082953,0.2584854179117618,-3.1089808436501416,0.03386071863054098,2.879334799899373,0.028267668172505558,subgroup,EDUCATIONFATHER=='2' ∧ PARENTALSTATUS=='1' ∧ SALARY=='1',57.86683283227725,16,10,-0.325,2.5346,7.473,0.7753,0.940240856413648,1.720145400918988,0.947265625,43.0,0.9447269985650029,1.7697734795143387,0.9677734375,45.0,0.3751098703832095,-0.3282649930291216,0.5771484375,29.0
-15.6037,5.8376,79.2909,2.6952,-12.558029926830848,-0.17799542967634469,0.8357254110554498,2.017023356990619,0.26292825013475196,1.1326822086967963,0.5606053842130017,6.646124013974638,0.11587530314758218,-12.55802992683086,0.2022258755204693,4.4557304827404245,0.2978925196410349,-2.761046779899364,0.16261849922004987,0.23148249873656535,0.8861128787372052,0.36179714794225293,0.8273567822471325,2.090126562808986,0.263196650006651,2.1463547274285295,0.2706627888830447,0.0859078025092852,0.946046701127385,-0.17410626002504603,0.8573156755916079,1.1054909802025865,0.35236948749336294,subgroup,PARTNER=='1' ∧ SEX=='2' ∧ TRANSPORTATION=='1',55.49092443295475,16,14,-0.5587,2.269,7.4437,1.1147,0.88744780487574,1.2736056684751698,0.99664306640625,93.0,0.8928169544593577,1.305466800394074,0.9991455078125,98.0,0.9152598664456585,1.454661138639405,0.8917236328125,72.0
-6.1261,4.5786,40.1915,0.777,-0.04458596964955941,3.422185583494561,0.006951992495199963,-4.387135382556505,0.017110055817917063,1.3994871280354992,0.12413414776412021,-3.2524669915698423,0.041465252385685235,-0.04458596964954964,0.9720271304439942,6.4761445805976035,0.014755033425205283,2.056488596656849,0.04104107363684841,-0.9149400424865348,0.47347715213111363,-0.018289431377303544,0.9578886555843618,-1.4201370976597607,0.05498626089329165,-2.1030831568328017,0.022053661968107784,0.462789527363047,0.19148929338679288,-2.9364669188892805,0.007140200522676403,2.72336356160033,0.005021522324213803,subgroup,EDUCATIONFATHER=='2' ∧ SALARY=='1',52.00455771400453,17,10,-0.325,2.5346,7.473,0.7753,0.9300661746464728,1.6191504384727622,0.9345703125,42.0,0.9368549784017434,1.6849058962480887,0.947265625,43.0,0.4411461234337978,-0.15232306905224233,0.5771484375,29.0
-7.4827,5.8095,52.1722,-0.2793,-9.212367251291532,2.16951947748114,0.3757182386329404,-0.5008437621051067,0.856263587046349,-2.008428032845365,0.4392607276562994,0.6171832152705616,0.66561513787518,-0.9372969697434566,0.4440597638421685,-2.8191645221046517,0.5541981563318708,4.1175820846293405,0.16175462030750457,-5.356984240825049,0.29651286986268444,1.5036281770519695,0.26701682403240207,-2.443709561742289,0.19023896073059773,1.0515941350863143,0.6623147064066393,1.4200842227992205,0.38189524045974965,4.113476414931516,0.2937795914214798,1.8679339717799914,0.17609389312315468,subgroup,SCHOLARSHIP=='4',48.28307308373608,17,25,-0.0185,2.174,6.2641,1.0124,0.9986581215715931,3.3471860007898404,0.9997851550579071,285.0,0.9987841439355998,3.3874009753241934,0.9998750984668732,289.0,0.3959801542148403,-0.26672366685936527,0.2624562978744507,138.0
-9.5149,5.3787,43.0501,-2.3902,-8.77173913043476,-3.0217391304347716,0.523051302759532,-0.45652173913043725,0.8328213414613341,0.9999999999999987,0.5000000000000009,-0.9130434782608683,0.7746089452533623,-6.141304347826086,0.459735652649856,-1.217391304347832,0.6036945718271416,3.6304347826086865,0.5875022426831539,1.9782608695652044,0.7692239917815641,5.521739130434783,0.419849413082987,4.239130434782606,0.6364574904695455,2.4130434782608665,0.23793274905516737,-1.3043478260869543,0.6156215805122154,0.10869565217391386,0.843097015642028,-0.7173913043478286,0.49434747129852796,subgroup,AGE=='2' ∧ GRADSCHOOL=='2' ∧ HOBBIES=='2',45.19096093835619,16,19,-0.5118,2.098,6.1895,0.1991,0.9987129724769802,3.496957865022143,0.9997901916503906,175.0,0.9985459223700112,3.4419562592198285,0.9994144439697266,170.0,0.9320228613558925,1.5609102817382379,0.8949413299560547,126.0
-5.3336,4.0998,26.8686,0.0287,-17.65693775066557,-2.2309662633547847,0.07676398504193369,5.363216608809944,0.049060001672051275,1.122577601024568,0.21727175186868225,0.7872670284115797,0.29910640939184285,-2.6508038151730626,0.08806374675966977,1.030737083347367,0.23395120489730978,6.187017626638794,0.05782160893029024,5.294867041892739,0.11119558468071458,0.7488456742273567,0.3331890697172752,-1.5373934144450825,0.16841283326571926,0.7019311785918785,0.3261472138387723,-1.1502140136833927,0.13805615962616813,-0.9760372080482618,0.1082937514018562,1.5525934414074325,0.0620445993550956,subgroup,OCCUPATIONFATHER=='1' ∧ PARENTALSTATUS=='1',43.28969622645474,16,17,-0.1904,1.8642,5.0498,0.9718,0.9950489762185317,2.92551849694048,0.9945068359375,128.0,0.9939759148217876,2.830877372578698,0.9883880615234375,123.0,0.6998859907863983,0.5346729894345869,0.6611480712890625,85.0
-43.5036,9.1104,172.4709,7.2638,-11.235375879354903,-1.45862994113706,0.39360279080611776,3.45200977459801,0.19513262701455328,2.8490357006125575,0.3652503964143078,4.987704704249612,0.2571462105008683,-11.235375879354892,0.21414571942383603,0.7930693075229682,0.8228189330889423,-3.664663990715928,0.2842857333359426,1.9353610738897364,0.4339687454913708,0.9173963318338445,0.5020795645651942,4.388407111408884,0.12835018147381655,0.6476281943912717,0.689738364755282,0.893222985260341,0.5533519052348348,-2.1915761987940283,0.21717208812502767,0.3098588844754939,0.7810152966244598,subgroup,PARTNER=='1' ∧ SCHOLARSHIP=='3',42.745954757134236,19,17,-0.4326,1.8627,5.552,0.0015,0.9817507671050052,2.2822111383343784,0.9998550415039062,145.0,0.9810370079528983,2.262625231265478,0.9989547729492188,137.0,0.533697428635688,0.08590834699001414,0.40879058837890625,71.0
-2.8839,3.124,16.5373,-0.0253,16.536810823899252,0.7941813462884649,0.4116611705832158,-1.4173527879665666,0.11870494465556782,-0.2144625901127578,0.809851150917882,2.3884712990515142,0.0543915632345055,0.6167544955621196,0.6012953123815813,-3.5615669692775263,0.03866647004781112,-3.1060581895658164,0.0311020877931361,-4.529915205312566,0.050834624506686354,-0.09779134941881207,0.9027988437860048,-4.421011023164818,0.05180703172482819,1.8881899625306025,0.043123901325786126,1.2975003095814535,0.1293590984148248,0.01716525628996829,0.9671007652364423,-0.2719364875834607,0.5632704067868812,subgroup,AGE=='2' ∧ HOBBIES=='2',33.89023994514621,19,27,-0.3867,2.0122,5.9043,0.3722,0.9912816228416111,2.5391452077786276,0.97822105884552,272.0,0.9957729643481918,2.849489257971731,0.9929971322417259,289.0,0.9346246266966565,1.5604229422505733,0.8549593612551689,233.0
-2.9566,3.1277,16.8392,-0.1789,15.391049491049506,0.6507195507195449,0.2309074964486643,-1.8294489294489211,0.1083383941290042,0.9532818532818513,0.19536347920320418,2.2354861354861466,0.06515807545221339,0.6603720603720573,0.30629001584227045,-3.6424008424008454,0.0609339631478072,-2.9588978588978607,0.05555706099483275,-3.508424008423993,0.08861056095278635,-0.27184977184977055,0.3937551596767268,-4.770164970164971,0.057489146183441926,1.8868023868023838,0.057303045175096594,1.1982449982450112,0.10655746181825046,0.0307125307125235,0.8451797796044866,-0.19733239733240432,0.38957105920623997,subgroup,AGE=='2' ∧ HOBBIES=='2' ∧ PARENTALSTATUS=='1',33.660879144953306,16,26,-0.4355,2.0604,6.1092,0.3573,0.9879881806879596,2.4026819484237083,0.95790134370327,243.0,0.9941878657622112,2.7229044283836146,0.9768344163894653,253.0,0.9555667873732844,1.7703376344472577,0.9213174134492874,231.0
-2.263,3.001,13.938,-0.0245,14.567029006235991,0.940665941987525,0.28299895924573626,-2.4472853138051387,0.08037227729821496,0.9790548658390233,0.36051788573990806,2.4388065678814743,0.05811073591783578,1.177264145546078,0.3093056213003328,-3.0689513130041766,0.07146555443175844,-2.6847016419703573,0.05930990826902809,-4.449138966760102,0.06239844505903295,-0.18379197894616073,0.7615355920363404,-4.5310486869958115,0.061378379325532174,1.7586532410320936,0.062074591478705816,0.8896847645746249,0.22334411128673792,0.013530522341098639,0.9719475461212219,0.0661250643629544,0.8594695232530722,subgroup,AGE=='2' ∧ HOBBIES=='2' ∧ OCCUPATIONMOTHER=='2',32.972658398798984,17,19,-0.4167,2.0551,6.0512,0.1671,0.9548300710014117,1.7897038856430694,0.9331893920898438,132.0,0.9804288101616926,2.224546018490702,0.9698963165283203,141.0,0.8944283290210153,1.296606354878966,0.8022689819335938,116.0
-13.5104,4.9033,66.4024,3.746,-10.659823218350335,0.00979347703064759,0.9933326010953465,3.498227404771183,0.21321611169852023,1.2373480866208135,0.6782654397176258,4.14294904362479,0.2324074517990642,-10.659823218350304,0.32103357423913137,0.5434116374702875,0.8993143505190955,-0.8121603013116347,0.6343028629103404,1.4406780454985606,0.48942861729862186,1.354965637143322,0.5347836021510555,1.2277416403626802,0.46631344488801635,1.5638125165054881,0.4938843518875717,0.5038618757781109,0.8575830999369494,-1.0191384134609376,0.4051339525624412,-0.011696449905053807,0.9939399144589454,subgroup,ACCOMODATION=='2' ∧ SEX=='2',32.0471250270294,17,19,-0.6603,2.1194,7.5978,1.3009,0.9374117228270389,1.6082608297938485,0.9433116912841797,134.0,0.9357483449925587,1.5932904616502657,0.9753170013427734,143.0,0.8594756190116847,1.1113347315126316,0.645721435546875,104.0
-4.5612,4.2281,24.9689,1.467,2.5189259674189692,1.9301548237800588,0.231131145314251,-2.201417840548042,0.16964075907765572,1.1363845066025169,0.33632726514470673,2.245734540579258,0.1835720395452669,-0.07247148707965545,0.9289345369861053,-2.1123620268508057,0.25396118233035914,-2.7690132050175333,0.12856328581397874,-3.989237635218276,0.14838909431090197,0.8254513397858592,0.38505273790805056,-2.42279931679185,0.27960368924592033,2.873918712924026,0.11849500096255383,0.9712758728351303,0.2991740439976079,0.005564840492941148,0.9874937404975135,-0.005326084960236566,0.9882349278718509,subgroup,ACCOMODATION=='1' ∧ AGE=='2' ∧ HOBBIES=='2',30.40229340459957,16,14,-0.9189,2.6394,8.6156,0.3398,0.9944152936874695,2.954751201326366,0.9898681640625,88.0,0.9958977106364344,3.1151128281765166,0.99737548828125,94.0,0.9747357439244954,2.154615734930706,0.9852294921875,86.0
-6.9802,4.643,41.6742,3.4493,-8.244328011233186,0.6177651878589736,0.3862177748075787,0.7934447646514391,0.5587688545588481,2.8328090396984624,0.07999251442222538,3.930854102494594,0.2093666768442704,-8.244328011233222,0.20711741390868127,0.009686050525359313,0.9966691601002393,-1.4276066566772654,0.1819668278695332,0.12548347419735484,0.918813545456564,-0.4644704210385866,0.69804967361366,2.1715156322898976,0.051545564080187636,1.5923756281396397,0.18374990510742173,1.67040852460186,0.21106443099507655,-1.3041488992720285,0.0387559042928963,-0.3029979531916065,0.748629321415577,subgroup,PARTNER=='1' ∧ SEX=='2',29.083520063079924,23,18,-0.5513,2.4335,8.101,1.3531,0.9168724674394206,1.4463862135102394,0.9881629943847656,136.0,0.9262204824015557,1.517330817221034,0.9930648803710938,140.0,0.9281992627391507,1.5332976949118147,0.79144287109375,104.0
-7.3469,4.2641,27.0441,2.5557,-13.609500030264599,1.679401973246174,0.2151308706612409,3.1145784153501674,0.18872554285261178,2.473936202409064,0.2865024290090451,9.03442588221054,0.16703158050838213,1.004385327764669,0.3346430241777229,-1.9222716542582097,0.2800898345282165,-1.0009866230857685,0.2543914114619232,-1.3319139277283438,0.21464132089220764,-3.43631136129775,0.15704842437487737,2.243190484837495,0.3274590847904517,-0.3984867744083438,0.7116724476873769,-0.1399612614248526,0.6750625261286792,-0.876911203922285,0.454096183635201,0.7622873918043737,0.15847965220762117,subgroup,EDUCATIONMOTHER=='1' ∧ OCCUPATIONMOTHER=='2' ∧ SEX=='2',28.88102573001247,16,10,-1.2621,2.0147,7.3292,0.8285,0.9142187790048322,1.485543999178449,0.9755859375,46.0,0.9454266390479648,1.777846345085772,0.986328125,48.0,0.7922530081337114,0.8535486189903813,0.4228515625,25.0
-8.6795,5.1945,44.8913,3.8845,-5.870499731327238,-0.8233924413397813,0.5999569270591321,1.9048898441698068,0.5014528635977198,1.8826795629589805,0.5065265443648113,5.628336020060921,0.32159712431505283,-5.870499731327254,0.5381698016466356,-3.182518359305048,0.4847137248268383,-2.3202579258463207,0.3128518109537649,6.1085437936593445,0.25083502166952915,-1.3858140784524575,0.6374319548966942,1.8805301809063284,0.3126006527766588,0.27619559376679215,0.8930471463059027,0.3071825183592916,0.8530946794699408,-0.07415368081675866,0.9615106821873356,0.5067168189145684,0.6801365869539817,subgroup,PARTNER=='1' ∧ SEX=='2' ∧ WORK=='2',26.672697301438618,16,14,-0.8641,2.4703,8.6454,1.316,0.926837630875933,1.5450406694387118,0.99798583984375,95.0,0.9403057284665755,1.6671102893473755,0.99798583984375,95.0,0.9678988019107019,2.0224507866849377,0.9234619140625,75.0
-4.6282,3.8552,24.7362,2.3057,6.05388118430789,1.707673535675132,0.38937028518417105,0.02318702363908587,0.993862070441307,1.4985504593776635,0.40698143238865764,6.0538811843078655,0.4403558469647489,-4.082139676957459,0.571122383819374,-2.601297667086973,0.44019142523011423,1.038104942785785,0.6990267986536544,-0.5719993274921142,0.8873964451347407,-1.811723926734019,0.32895737317144824,-0.4013121135857691,0.8876448485448817,-0.5900218401099799,0.7054437484588598,-0.8131888583129853,0.5430389462987275,-1.6048705589102683,0.16460218747457153,1.045061475501193,0.544700379717543,subgroup,HOBBIES=='1' ∧ SEX=='2',25.220343015718093,18,9,-1.7663,2.9432,12.1581,1.5522,0.8710559359545295,1.218102113303892,0.875,32.0,0.8840874130444234,1.2938309758807929,0.91796875,34.0,0.8538111010187777,1.1270779329305325,0.58984375,24.0
-2.9359,3.2533,18.606,1.4218,-18.28585541966259,-0.9729284956907478,0.5820526959189353,6.3509671684940825,0.3096291092551898,0.7335789241003128,0.7512273562722145,7.297719962263257,0.18861572346644226,-4.712252323608422,0.22903180837887188,-4.457232017076752,0.4469272356898958,-1.2886322522152134,0.5156511516073938,0.5781966963706253,0.9126053687710675,1.2127066123300978,0.5507083138574239,1.745390043741015,0.4417547225015068,3.1266302229169938,0.4764338449068348,-0.9789950986369806,0.6391368384875749,-0.6261348991680344,0.7092590844891452,0.39164410707974096,0.8246269482748301,subgroup,ACCOMODATION=='2' ∧ GRADSCHOOL=='2' ∧ SALARY=='1',24.910393757731974,17,11,-0.0472,1.8041,4.9503,0.6192,0.9570817846364377,1.9055258440934226,0.9384765625,50.0,0.9429500357931135,1.7311673137732417,0.91259765625,48.0,0.48147287902542835,-0.04763410024875544,0.55078125,34.0
-5.3047,3.2315,18.6535,2.1627,-9.08505229307028,1.6640882699684014,0.42156729798108633,2.155235339841851,0.5125261966345583,2.2939311307375223,0.5843360358778957,8.401539331834252,0.3525344597100322,1.355220313639994,0.484110482071679,-2.023258346493087,0.5293888065025173,0.16933551234715427,0.8871977987328945,-2.1215989595106133,0.22644134714525294,-3.4130704614734295,0.26561750381174987,1.0138793705780085,0.8133101620856589,-0.2520906672954877,0.927102605440563,-0.15909744273094995,0.8483593575720019,-0.6673168009069996,0.7969693761664651,0.7389553125389889,0.3087070154776926,subgroup,EDUCATIONMOTHER=='1' ∧ SEX=='2',24.889050122908092,18,11,-1.2535,1.8519,6.6675,0.7328,0.8581064491631458,1.1326523739515715,0.86083984375,45.0,0.9295931270781768,1.5994061208110832,0.89697265625,47.0,0.8010512790502073,0.8831338575700127,0.44921875,31.0
-5.8002,4.2702,29.6446,1.0694,-22.854821249278288,-1.1942006559265148,0.34588085617839615,6.559678980955774,0.12595826150719114,0.8456773646531967,0.6888744011087886,5.533053771997298,0.0981931705036147,-5.522939466051819,0.08860283624213913,-2.648573926904143,0.5536950298553633,-1.5374754336995773,0.37549913409980773,2.1270146565234653,0.5463432822402181,2.0931646753863884,0.2083444690513236,2.4354800561317536,0.1814140232623637,3.3892269796339956,0.27008360400844755,-0.1776489540759587,0.9173238834733717,-1.3152975308584256,0.33611526486833776,-0.0579025251445755,0.9649836188610472,subgroup,ACCOMODATION=='2' ∧ SALARY=='1',24.59496030148279,19,16,0.0279,1.7142,4.2377,0.4439,0.9910188520846234,2.6563402380428816,0.996185302734375,117.0,0.9899173543301995,2.5983457674217822,0.9893035888671875,111.0,0.4464281271156975,-0.13699547329085535,0.3342742919921875,59.0
-3.3655,3.5405,20.7359,-1.6876,5.896536971262516,-0.6178075556990654,0.6418934712431582,-1.0729092670326095,0.7193650329313503,4.133516306102683,0.21480475823857684,5.896536971262511,0.32393383776570117,-1.7231514368743974,0.4182456496788426,-2.3407491120439197,0.4864236412053444,1.2745075879883734,0.6338905450735816,-0.888085243784305,0.767500841462035,-1.4356312560542452,0.49538562265505715,-0.07675169518889291,0.9642015826639766,-0.6295770100096847,0.6935133394380635,-1.7175330965450435,0.3288290109181822,-1.6628027123022266,0.3755429466707064,1.4707297384565692,0.45906346736844883,subgroup,AGE=='2' ∧ HOBBIES=='1',24.170436303432687,16,8,0.2285,1.2398,3.6646,-0.1671,0.9251859345191229,1.6183117103716027,0.9453125,29.0,0.9334730889821815,1.6993537966585512,0.875,26.0,0.27806384347895063,-0.6180195132952198,0.23046875,12.0
-5.5951,4.2829,26.2772,0.7258,-3.2773200978421158,-0.503936132517428,0.710786090990616,0.8045770307488433,0.5955724699141605,0.7233323767992781,0.766023943292615,7.570396669668969,0.17560986828200117,-0.19295762268314842,0.9234911884926603,-3.277320097842098,0.47324639676444524,0.03644762241058591,0.9845043439766037,1.8475252054889317,0.6090292351754061,-1.8312683120889819,0.40345750434879296,1.3592028324841419,0.6636790038964786,-1.4368698244948823,0.6378336112504956,1.4427122364797196,0.5094435661877506,1.2748797109940033,0.3731900662622689,-0.9315604480009421,0.5403215524502848,subgroup,EDUCATIONFATHER=='3' ∧ OCCUPATIONMOTHER=='2',24.119154555548917,18,16,-0.8349,2.0698,7.3109,1.1185,0.9765594513775212,2.1654402668967645,0.97784423828125,106.0,0.9890489768023835,2.556767672548999,0.9934539794921875,114.0,0.8248779465191294,0.9641789920986246,0.5698699951171875,71.0
-4.277,3.8716,23.9745,1.1096,-0.23257803612335803,1.0211348158768265,0.364990529064033,-2.1451401767208496,0.47641937119876976,1.1536567501441524,0.4897638147932479,3.9444731879879704,0.33041980196289855,-0.23257803612336403,0.9661103533564878,-0.23257803612336114,0.9661103533564883,-1.4893531144322023,0.3137913614339913,2.8017656500802595,0.24216304214331702,-2.356544437345136,0.31257650874039855,1.478079758138667,0.2693458056724132,-0.7475650236095301,0.6973301330452948,1.201608253206379,0.4740467160514609,-0.626419299038476,0.3852918482001085,0.4479141018248711,0.7277476310154549,subgroup,PARTNER=='1' ∧ SALARY=='1' ∧ SEX=='2',23.64900016323408,16,9,0.0014,1.7458,4.5371,-0.015,0.9307244862496269,1.6451856034087198,0.935546875,35.0,0.9451566171915351,1.7992016249687075,0.951171875,36.0,0.4985387918308841,-0.0037786805806643395,0.28515625,17.0
-4.7364,4.7187,32.1809,-1.9207,6.23312025387925,-0.025917261728689744,0.9745320011277494,0.7794169029464827,0.5686228070612452,-1.305437341801121,0.4325537896277485,2.5054968577924432,0.2280130774595398,-0.6128618846308591,0.7978693503946901,6.233120253879248,0.21403784967366268,0.8995469518752093,0.5968465599636971,-1.6898002621909298,0.46333717129323526,-3.6076244534378974,0.1041499090922331,0.12758091579742026,0.8932226120278552,0.4381346830662345,0.8162682242954526,0.11129372137474536,0.9292163196178815,-0.7208094514853265,0.693335869813058,-0.13343848780834608,0.8352663660777835,subgroup,AGE=='1' ∧ TRANSPORTATION=='1',23.58202818031062,20,21,-0.664,2.6589,9.3348,1.1463,0.9915446718153501,2.6058737680362416,0.9943265914916992,186.0,0.9972241613535129,3.107339887142372,0.9978575706481934,194.0,0.884223321801081,1.233874512313775,0.8222918510437012,142.0
-3.4868,3.9301,21.3122,0.5479,-0.8893216982569179,-0.9428617777452458,0.6088114963397844,-0.6786946346365765,0.7917476410312217,4.981384932826629,0.1963510354540488,7.154436054229322,0.2900841045406465,1.0219022202527086,0.6999518747182361,-0.8893216982569223,0.8807091328742138,-2.254986616760604,0.4870764965173666,0.2577431881982192,0.9453371215669601,-3.232950267368043,0.35130912504292044,-0.8528714120949652,0.7575631681491448,-0.2926678048519922,0.9078140141484041,-0.9257158005313753,0.670019115343965,-0.36824146410463054,0.833513973295891,1.5922327753851293,0.3676775951958251,subgroup,EDUCATIONFATHER=='3' ∧ GRADSCHOOL=='2',22.79295763702334,16,16,0.0983,1.6259,4.283,0.4206,0.9976407325243711,3.3142960330131626,0.9991607666015625,124.0,0.9967173180152732,3.153043432850339,0.9954071044921875,116.0,0.29624616746207155,-0.5468981606934122,0.14892578125,47.0
-5.704,4.6197,31.7393,1.9778,1.4082289380713995,-0.3788932954131701,0.6260082624534256,3.8759656356712,0.10659619075505765,1.997539781729432,0.237739083680786,1.4082289380713977,0.6411201845574201,1.4082289380713942,0.6411201845574208,-5.862601730025499,0.11254323093941698,-2.3800643593099617,0.08152843611342998,1.4082289380713906,0.6411201845574211,-1.7117805091667782,0.23739507054348663,2.3070942854050003,0.06518513156321393,-1.0908509402954283,0.45659635237814733,-1.7364515779839955,0.3789630827740028,1.3671432929529512,0.28027586869190463,0.1940423354359977,0.8259725819729071,subgroup,PARENTALSTATUS=='1' ∧ PARTNER=='1' ∧ SEX=='2',22.34633517716089,16,16,-0.7536,2.4345,8.3021,1.4245,0.9945163333281718,2.9012280180454217,0.980682373046875,107.0,0.9930322387762928,2.7827734138951437,0.990875244140625,112.0,0.9063435248433072,1.3816491039368126,0.894287109375,92.0
-1.2449,3.0583,13.4916,0.2876,11.265776366880782,2.030867782891355,0.6401349262556931,1.1890436959201143,0.7264891626247261,1.0662028910528891,0.6153899852955023,-0.4959630407158914,0.9098719582908688,-1.2614178757420589,0.6845128685037903,-2.607351667932277,0.6162310363478745,-0.3261725790386196,0.9562053484292952,-5.061035496184824,0.7551198290948722,1.7179650461219431,0.7205043328640486,-2.4974167685541344,0.442688027766571,-1.4779010276282247,0.5378014786044907,-1.558684482189253,0.38279323305824825,0.6194939740995484,0.7326972297679422,0.31051123357740557,0.8433100894445797,subgroup,EDUCATIONMOTHER=='3',22.273039881452014,19,20,0.0922,1.979,5.4559,0.083,0.9847443615809679,2.3374532853469363,0.9852123260498047,162.0,0.973771138428744,2.068708257541638,0.9652099609375,153.0,0.2255141158604717,-0.7695509497578291,0.19418811798095703,81.0
-3.429,4.1813,25.221,2.3008,-1.4633922320685957,-1.3459787102912213,0.061302788980463346,2.6224427517457216,0.1180429260615273,1.5843031778989185,0.3570746972079048,2.807530980176283,0.07956450444247658,-1.463392232068602,0.7415480726599428,-4.063273756454825,0.10067528944553038,-2.9288547955697286,0.024711552038381615,6.999868360429145,0.01349601061163769,-1.315450297086577,0.34450595364447545,1.2415197190093559,0.21214479972136932,-0.7053966240433671,0.40984075699459616,0.6035554651364587,0.5171866059974071,-0.29841194808613947,0.6262949608646465,0.03215894879819316,0.961822543224498,subgroup,PARTNER=='1' ∧ WORK=='2',20.84654927327778,19,18,-0.35,2.3751,7.6873,0.8401,0.993709105070768,2.7894407427016596,0.9979972839355469,148.0,0.990707115484767,2.602446437163876,0.9848175048828125,134.0,0.7867390138471924,0.8146791812158035,0.7386932373046875,100.0
-4.2892,3.9363,26.6561,1.8034,15.853725384451346,1.1796447070281921,0.7199633944774275,1.5939868234119732,0.7085667414201686,0.8442413802818147,0.8513460199484486,-2.976063605008235,0.5196876352802191,0.33330650256971484,0.9210485550550096,-4.055857625235958,0.35717101779042815,-3.5798946355912786,0.5819698541452403,0.3798008620724511,0.9722952292402784,0.6634979534834997,0.764874902879254,0.311873417823391,0.9558032326168193,-3.467126948416518,0.42567243722667236,-0.9622813125072966,0.8521631833032282,0.6283409331471355,0.7793207313548842,-0.221416181365224,0.9453317333897098,subgroup,PARENTALSTATUS=='1' ∧ SIBLINGS=='2',20.293558986542333,17,23,-0.1048,1.8347,5.5679,0.8895,0.9933148323754122,2.6901631232502536,0.9954268932342529,221.0,0.9921512234062239,2.6182384729135584,0.9925674200057983,216.0,0.4894389235849844,-0.026778475501915953,0.41146373748779297,130.0
-5.778,4.8982,33.0452,-2.2188,3.7904312381965246,-2.1814506837744805,0.32705078700055673,0.21007032295410832,0.9641804615379459,0.32472729688434293,0.8869710946714853,0.6934648053069405,0.8907502881692642,-1.9383509694318188,0.3750378465731218,3.7904312381965415,0.7679067446101675,-1.054729669453651,0.483652647328444,1.0921574247184171,0.894635917414841,-1.8504074176006915,0.6773031261220817,-1.5966605612549882,0.3659475568730249,2.640346584923731,0.48134283426779473,0.6438439418815616,0.8861930664290049,-0.010601019255777722,0.9950184566265053,0.3702859420523543,0.893344691106687,subgroup,OCCUPATIONFATHER=='4',19.23678553241254,19,19,-0.2397,1.9764,6.0437,-0.1951,0.998617819774958,3.464819932038007,0.9991531372070312,168.0,0.9991784793542234,3.698800901287579,0.9997386932373047,174.0,0.6017100198304687,0.26162614353230745,0.5702133178710938,99.0
-3.8604,3.6342,18.275,1.5255,-0.9781972263302023,-0.6190627247910145,0.5742180383773999,-1.4123923795566973,0.5733667447675375,-1.2694789092972445,0.5445575040861782,1.5451950013180278,0.46891384515459994,-2.175908881730325,0.15025260932574705,-0.9781972263302023,0.7805764381969922,0.4773980314450528,0.7955375694899491,0.10928920243589757,0.964191385271885,-1.886002752223896,0.3999369327908625,1.2478330704721203,0.362670260369267,1.4171640924139584,0.41656567759634605,3.3284350300912813,0.27343018200889363,0.6390398044848735,0.5543325150164284,-0.23282764197856387,0.8418314976132361,subgroup,EDUCATIONFATHER=='3' ∧ TRANSPORTATION=='1',18.8034624154182,17,15,-0.9335,2.0205,7.2701,1.0038,0.9576732766084886,1.8558046014676433,0.939727783203125,87.0,0.9925454069930626,2.774519105394586,0.9937744140625,102.0,0.8439415934805279,1.0486256020566356,0.619232177734375,65.0
-3.8087,3.9688,25.0492,2.9497,-3.8847193848441854,0.4267528331731343,0.6706949652767651,1.2065086901121669,0.5411651124870267,2.4442990816177566,0.24574538464449047,-3.884719384844191,0.3958569655469912,-3.884719384844189,0.3958569655469912,-0.6686274215547447,0.8373807660888473,-1.6563384581536078,0.3927255599683353,0.3426129197187624,0.8483603431263362,-0.2766880444076321,0.859238868138406,2.4004252662238166,0.10411264917744192,1.3825227273531593,0.3702201598183468,1.6035602775481015,0.34743036293461993,-1.1900945773475242,0.15082874327468251,-0.3676332242232141,0.7654771696533718,subgroup,OCCUPATIONMOTHER=='2' ∧ PARTNER=='1' ∧ SEX=='2',18.58380978845538,19,14,-0.4808,2.3243,7.7139,1.1721,0.9186521168973296,1.4800011546250567,0.97528076171875,83.0,0.9313500904952943,1.5836004439969391,0.98236083984375,85.0,0.8827901696376371,1.2469361228190965,0.786865234375,65.0
-10.3693,4.4193,38.7662,3.5207,-4.094708915003549,0.17120589927934526,0.8504071701153397,2.415450024644882,0.12014119130108983,3.3895157138088394,0.09956779905102234,4.444899404884746,0.22854596685305661,-4.094708915003543,0.22592839151021288,0.5008673677366651,0.7142910120694674,-2.114706685597928,0.1585219164970566,0.4434696340198705,0.690554815521849,-2.2418309965194965,0.09145970224520414,1.6080202191269541,0.24620891358301514,-1.3946026227399457,0.43933358565341113,-1.2716625352573823,0.18086399827339644,-1.1760093355861647,0.21040678622879136,1.8793181439806097,0.09275396497224234,subgroup,EDUCATIONMOTHER=='1' ∧ SCHOLARSHIP=='3',18.293423861234533,17,12,-0.9214,1.7841,6.5515,0.3193,0.9783648672580274,2.283486385327001,0.973876953125,63.0,0.96491977091658,2.0053272740788968,0.945068359375,59.0,0.7732379607423951,0.7770355401590555,0.6044921875,42.0
-9.5193,4.2557,38.7736,3.2753,-4.094708915003549,0.17120589927934526,0.8504071701153397,2.415450024644882,0.12014119130108983,3.3895157138088394,0.09956779905102234,4.444899404884746,0.22854596685305661,-4.094708915003543,0.22592839151021288,0.5008673677366651,0.7142910120694674,-2.114706685597928,0.1585219164970566,0.4434696340198705,0.690554815521849,-2.2418309965194965,0.09145970224520414,1.6080202191269541,0.24620891358301514,-1.3946026227399457,0.43933358565341113,-1.2716625352573823,0.18086399827339644,-1.1760093355861647,0.21040678622879136,1.8793181439806097,0.09275396497224234,subgroup,EDUCATIONMOTHER=='1' ∧ OCCUPATIONMOTHER=='2' ∧ SCHOLARSHIP=='3',18.293423861234533,17,11,-0.9378,1.926,7.1425,0.3687,0.9661618633688831,2.048515319194884,0.94921875,51.0,0.9501947978497902,1.8148532506070147,0.89697265625,47.0,0.7721100550195987,0.7758759594238565,0.61767578125,36.0
-4.844,4.3806,26.298,-1.2289,10.550799126036555,0.03377146199635361,0.9736037583475254,0.11192065512851812,0.968601994840088,0.5525410315521411,0.7119189619163943,-1.2177424904517746,0.654306556811918,-2.5956499673123914,0.24624689305364242,-0.7678835632935392,0.6864022281777552,1.3708237277638227,0.41531120085302387,3.369903313491383,0.3309757279959108,-0.9950022365206612,0.5898600219147585,0.334953377146201,0.7857519583061753,-1.1056153872621537,0.2797584851262063,-2.676822764339538,0.09985953420347556,-1.8525014623404323,0.23445168170705982,2.1233957265251355,0.22744044795223323,subgroup,HOBBIES=='1' ∧ SCHOLARSHIP=='3',17.160441073925444,17,8,-1.194,2.1836,9.873,-0.3163,0.9800221770452177,2.517511275298061,0.97265625,31.0,0.9415909377267554,1.7885916294388524,0.97265625,31.0,0.6510031592900032,0.40439422217426124,0.37109375,15.0
-5.9562,4.8036,33.085,-2.7704,4.113165680473294,-1.3626164391586955,0.613340729906974,-2.3570507938367466,0.733510376121282,1.1601734137910813,0.6715286022215977,-1.3694709707656916,0.8078707258628035,-0.6968920264807482,0.7706248897880463,4.113165680473294,0.7954986854365651,-0.7438338508406954,0.673798457574589,1.982980842462898,0.8381921582897652,-1.2013591891733282,0.8213371887812604,-0.5297615560372614,0.7716729098501875,2.4654051203937097,0.581594306785592,-1.623850254847996,0.7800922413693354,0.81817915519363,0.6482648443630844,0.8518073700861373,0.800991434043479,subgroup,OCCUPATIONFATHER=='4' ∧ PARENTALSTATUS=='1',16.886990654846347,16,18,-0.34,2.0676,6.3732,-0.1873,0.9932819830289227,2.75816292597281,0.9967117309570312,145.0,0.9952260306231311,2.9200460011608875,0.9983177185058594,149.0,0.7916041727944774,0.8322768378781303,0.7100791931152344,98.0
-2.1742,2.9974,13.246,0.1865,1.5280270343931157,1.3617160703621018,0.3564326251021582,-1.49666165753953,0.24155496598111673,1.1112383664387515,0.44466215385862706,1.4568294161363324,0.36611202997617065,-0.12577873558511055,0.9173824054136168,-1.523961152208444,0.5303020775141127,-2.330259844126282,0.2325377898026606,-3.24181573660231,0.2941798960499335,0.5158770465312702,0.5824284336354211,-1.7076451989080068,0.5518349862190987,2.4565851653384314,0.1495506799351429,0.41202279872691383,0.6659359958309614,0.3307662177317181,0.5775137727126523,0.2653367905743037,0.6570188677909923,subgroup,AGE=='2' ∧ HOBBIES=='2' ∧ TRANSPORTATION=='1',16.815269331552823,16,17,-0.5537,2.1754,6.4836,0.1123,0.9779741055576736,2.185678363939045,0.9601593017578125,113.0,0.9869394728639925,2.450987940738273,0.9508132934570312,111.0,0.9658917042822889,1.9555267403236536,0.9556732177734375,112.0
-11.1216,4.9109,55.6815,3.7504,-1.8184867316701627,-0.8045508073141074,0.5507549140833137,5.258085418881523,0.14829415323679046,-0.7653883265831799,0.8257130754074467,1.063843160698605,0.8150855784727633,-4.876323131980903,0.16752164897222774,-2.876282853721733,0.6827557698750251,-0.5250744529488125,0.7669453871364619,0.7862616511047715,0.8974059342705925,0.8203893494389884,0.6707741809879678,0.4714135655057041,0.8239504537597444,1.9989707844826956,0.42919467218383256,-3.6536076777428206,0.5149209407547266,-0.8619579261784323,0.5884277976536192,2.5815209000000263,0.5206266988589077,subgroup,ACCOMODATION=='2' ∧ PARENTALSTATUS=='1',16.174943917256485,17,23,-0.4352,1.9893,6.5926,0.7862,0.9755607077772098,2.085066846123085,0.9982737302780151,230.0,0.9720762509819691,2.018908686705121,0.99323570728302,217.0,0.8217732308232903,0.9419381794104185,0.6565604209899902,151.0
-0.1586,2.0997,6.4518,0.4891,0.477599957607731,-0.21767156980619792,0.4581347768279391,1.6067738281656294,0.0008645377507782331,0.04487018831488265,0.9261686396586419,0.502641295987894,0.42492800215410687,-1.3131798401408237,0.0150659484763527,-0.46092210189012117,0.4893387612629425,-0.2679095559869282,0.5539183720661941,-0.20613103501651953,0.7347918276411463,-0.19634192388053778,0.6748386231580701,0.17134132685819486,0.6342865343393651,0.592728682348772,0.18276559116245578,-0.5835837819382248,0.1090844667906633,-0.1584661698719001,0.5810839354839212,0.8060431539290391,0.0010816503348731153,global,N/A,,72,73,,,,,,,,,,,,,,,,
